"tagID","deployID","lat1","lon1","lat2","lon2","dtStart","dtEnd","projID","species"
25758,12506,43.4114,-66.0092,44.9058,-65.3509,"2017-08-27","2017-09-07",109,15580
25758,12506,44.9058,-65.3509,44.0241,-79.5371,"2017-09-07","2017-09-07",109,15580
25758,12506,44.0241,-79.5371,44.4297,-66.1654,"2017-09-07","2017-09-10",109,15580
25758,12506,44.4297,-66.1654,44.765,-66.7366,"2017-09-10","2017-09-18",109,15580
25758,12506,44.765,-66.7366,42.396,-72.5174,"2017-09-18","2017-09-21",109,15580
25758,12506,42.396,-72.5174,40.6328,-73.2157,"2017-09-21","2017-09-21",109,15580
25758,12506,40.6328,-73.2157,40.4296,-73.9848,"2017-09-21","2017-09-21",109,15580
25758,12506,40.4296,-73.9848,40.573745,-73.977428,"2017-09-21","2017-09-21",109,15580
25758,12506,40.573745,-73.977428,40.4296,-73.9848,"2017-09-21","2017-09-21",109,15580
25758,12506,40.4296,-73.9848,40.573745,-73.977428,"2017-09-21","2017-09-21",109,15580
25758,12506,40.573745,-73.977428,40.4296,-73.9848,"2017-09-21","2017-09-21",109,15580
25758,12506,40.4296,-73.9848,40.573745,-73.977428,"2017-09-21","2017-09-21",109,15580
25758,12506,40.573745,-73.977428,40.4296,-73.9848,"2017-09-21","2017-09-21",109,15580
25758,12506,40.4296,-73.9848,40.573745,-73.977428,"2017-09-21","2017-09-21",109,15580
25758,12506,40.573745,-73.977428,40.4296,-73.9848,"2017-09-21","2017-09-21",109,15580
25758,12506,40.4296,-73.9848,40.573745,-73.977428,"2017-09-21","2017-09-21",109,15580
25758,12506,40.573745,-73.977428,40.4296,-73.9848,"2017-09-21","2017-09-21",109,15580
25758,12506,40.4296,-73.9848,40.573745,-73.977428,"2017-09-21","2017-09-21",109,15580
25758,12506,40.573745,-73.977428,40.4296,-73.9848,"2017-09-21","2017-09-21",109,15580
25758,12506,40.4296,-73.9848,40.573745,-73.977428,"2017-09-21","2017-09-21",109,15580
25758,12506,40.573745,-73.977428,40.4296,-73.9848,"2017-09-21","2017-09-21",109,15580
25758,12506,40.4296,-73.9848,40.573745,-73.977428,"2017-09-21","2017-09-21",109,15580
25758,12506,40.573745,-73.977428,40.4296,-73.9848,"2017-09-21","2017-09-21",109,15580
25758,12506,40.4296,-73.9848,40.573745,-73.977428,"2017-09-21","2017-09-21",109,15580
25758,12506,40.573745,-73.977428,40.4296,-73.9848,"2017-09-21","2017-09-21",109,15580
25758,12506,40.4296,-73.9848,40.573745,-73.977428,"2017-09-21","2017-09-21",109,15580
25758,12506,40.573745,-73.977428,40.4296,-73.9848,"2017-09-21","2017-09-21",109,15580
25758,12506,40.4296,-73.9848,40.573745,-73.977428,"2017-09-21","2017-09-21",109,15580
25758,12506,40.573745,-73.977428,39.0533,-74.9253,"2017-09-21","2017-09-21",109,15580
25758,12506,39.0533,-74.9253,36.6718,-75.9156,"2017-09-21","2017-09-22",109,15580
25758,12506,36.6718,-75.9156,31.2956,-81.3435,"2017-09-22","2017-10-07",109,15580
25758,12506,31.2956,-81.3435,31.1229,-81.4776,"2017-10-07","2017-10-07",109,15580
25758,12506,31.1229,-81.4776,44.0241,-79.5371,"2017-10-07","2018-04-06",109,15580
25758,12506,44.0241,-79.5371,43,-80,"2018-04-06","2018-09-27",109,15580
25745,12493,43.4114,-66.0092,40.2765,-77.2774,"2017-08-21","2017-09-22",109,15580
25745,12493,40.2765,-77.2774,44.0241,-79.5371,"2017-09-22","2017-12-27",109,15580
25751,12499,43.4114,-66.0092,44.4297,-66.1654,"2017-08-26","2017-08-28",109,15580
25751,12499,44.4297,-66.1654,44.5808,-65.7928,"2017-08-28","2017-08-28",109,15580
25751,12499,44.5808,-65.7928,44.765,-66.7366,"2017-09-07","2017-09-10",109,15580
25751,12499,44.765,-66.7366,42.7804,-70.8084,"2017-09-10","2017-09-10",109,15580
25751,12499,42.7804,-70.8084,41.1894,-72.163,"2017-09-10","2017-09-11",109,15580
25751,12499,41.1894,-72.163,NA,NA,"2017-09-11","2017-09-11",109,15580
25751,12499,NA,NA,40.1544,-75.6857,"2017-09-11","2017-09-11",109,15580
25751,12499,40.1544,-75.6857,40.4107,-76.0796,"2017-09-11","2017-09-12",109,15580
25751,12499,40.4107,-76.0796,41.0263,-77.9591,"2017-09-12","2017-09-17",109,15580
25751,12499,41.0263,-77.9591,44.0241,-79.5371,"2017-09-17","2017-12-27",109,15580
25751,12499,44.0241,-79.5371,48.1406,-69.719,"2018-04-06","2018-12-12",109,15580
25759,12507,43.4082,-66.0209,44.0241,-79.5371,"2017-09-09","2017-12-27",109,15580
25759,12507,44.0241,-79.5371,46.843,-71.2111,"2018-05-19","2018-05-30",109,15580
25759,12507,46.843,-71.2111,42.5829,-80.3984,"2018-05-30","2018-06-23",109,15580
25759,12507,42.5829,-80.3984,43.3768,-80.3525,"2018-06-23","2018-09-29",109,15580
25747,12495,43.4114,-66.0092,44.4834,-64.1071,"2017-08-28","2017-09-08",109,15580
25744,12492,43.4082,-66.0209,43.9859,-66.1526,"2017-08-23","2017-08-29",109,15580
25744,12492,43.9859,-66.1526,44.325,-66.1149,"2017-08-29","2017-09-03",109,15580
25744,12492,44.325,-66.1149,44.7219,-65.5425,"2017-09-03","2017-09-08",109,15580
25744,12492,44.7219,-65.5425,44.2754,-66.3493,"2017-09-08","2017-09-13",109,15580
25744,12492,44.2754,-66.3493,44.765,-66.7366,"2017-09-13","2017-09-14",109,15580
25744,12492,44.765,-66.7366,42.0326,-72.6,"2017-09-14","2017-09-15",109,15580
25744,12492,42.0326,-72.6,40.6328,-73.2157,"2017-09-16","2017-10-02",109,15580
25744,12492,40.6328,-73.2157,40.573745,-73.977428,"2017-10-02","2017-10-02",109,15580
25744,12492,40.573745,-73.977428,40.4296,-73.9848,"2017-10-02","2017-10-02",109,15580
25744,12492,40.4296,-73.9848,40.573745,-73.977428,"2017-10-02","2017-10-02",109,15580
25744,12492,40.573745,-73.977428,40.4296,-73.9848,"2017-10-02","2017-10-02",109,15580
25744,12492,40.4296,-73.9848,40.573745,-73.977428,"2017-10-02","2017-10-02",109,15580
25744,12492,40.573745,-73.977428,40.4296,-73.9848,"2017-10-02","2017-10-02",109,15580
25744,12492,40.4296,-73.9848,40.573745,-73.977428,"2017-10-02","2017-10-02",109,15580
25744,12492,40.573745,-73.977428,40.4296,-73.9848,"2017-10-02","2017-10-02",109,15580
25744,12492,40.4296,-73.9848,40.573745,-73.977428,"2017-10-02","2017-10-02",109,15580
25744,12492,40.573745,-73.977428,40.4296,-73.9848,"2017-10-02","2017-10-02",109,15580
25744,12492,40.4296,-73.9848,40.573745,-73.977428,"2017-10-02","2017-10-02",109,15580
25744,12492,40.573745,-73.977428,39.058,-74.7748,"2017-10-02","2017-10-02",109,15580
25744,12492,39.058,-74.7748,39.0284,-74.8015,"2017-10-02","2017-10-02",109,15580
25744,12492,39.0284,-74.8015,39.0533,-74.9253,"2017-10-02","2017-10-02",109,15580
25744,12492,39.0533,-74.9253,38.7703,-75.0852,"2017-10-02","2017-10-02",109,15580
25744,12492,38.7703,-75.0852,37.57369,-75.61736,"2017-10-02","2017-10-03",109,15580
25744,12492,37.57369,-75.61736,37.134,-75.9258,"2017-10-03","2017-10-03",109,15580
25744,12492,37.134,-75.9258,36.6718,-75.9156,"2017-10-03","2017-10-03",109,15580
25744,12492,36.6718,-75.9156,37.134,-75.9258,"2017-10-03","2017-10-03",109,15580
25744,12492,37.134,-75.9258,36.6718,-75.9156,"2017-10-03","2017-10-03",109,15580
25744,12492,36.6718,-75.9156,37.134,-75.9258,"2017-10-03","2017-10-03",109,15580
25744,12492,37.134,-75.9258,36.6718,-75.9156,"2017-10-03","2017-10-03",109,15580
25744,12492,36.6718,-75.9156,37.134,-75.9258,"2017-10-03","2017-10-03",109,15580
25744,12492,37.134,-75.9258,36.6718,-75.9156,"2017-10-03","2017-10-03",109,15580
25744,12492,36.6718,-75.9156,37.134,-75.9258,"2017-10-03","2017-10-03",109,15580
25744,12492,37.134,-75.9258,36.6718,-75.9156,"2017-10-03","2017-10-03",109,15580
25744,12492,36.6718,-75.9156,37.134,-75.9258,"2017-10-03","2017-10-03",109,15580
25744,12492,37.134,-75.9258,36.6718,-75.9156,"2017-10-03","2017-10-03",109,15580
25744,12492,36.6718,-75.9156,37.134,-75.9258,"2017-10-03","2017-10-03",109,15580
25744,12492,37.134,-75.9258,36.6718,-75.9156,"2017-10-03","2017-10-03",109,15580
25744,12492,36.6718,-75.9156,37.134,-75.9258,"2017-10-03","2017-10-03",109,15580
25743,12491,43.4082,-66.0209,44.7219,-65.5425,"2017-08-29","2017-09-09",109,15580
25743,12491,44.7219,-65.5425,42.3633,-72.5123,"2017-09-15","2017-09-21",109,15580
25743,12491,42.3633,-72.5123,42.0326,-72.6,"2017-09-21","2017-09-22",109,15580
25743,12491,42.0326,-72.6,40.4296,-73.9848,"2017-09-22","2017-10-01",109,15580
25743,12491,40.4296,-73.9848,37.134,-75.9258,"2017-10-02","2017-10-17",109,15580
25743,12491,37.134,-75.9258,36.6718,-75.9156,"2017-10-17","2017-10-17",109,15580
25743,12491,36.6718,-75.9156,29.5648,-82.265,"2017-10-17","2017-10-18",109,15580
25743,12491,29.5648,-82.265,43.3768,-80.3525,"2017-10-18","2018-09-29",109,15580
25746,12494,43.4082,-66.0209,43.6543,-65.7628,"2017-08-28","2017-08-28",109,15580
25746,12494,43.6543,-65.7628,43.4932,-65.7171,"2017-08-28","2017-08-28",109,15580
25746,12494,43.4579,-65.7438,43.4932,-65.7171,"2017-08-28","2017-08-28",109,15580
25746,12494,43.4579,-65.7438,43.4932,-65.7171,"2017-08-28","2017-08-28",109,15580
25746,12494,43.4579,-65.7438,43.4932,-65.7171,"2017-08-28","2017-08-28",109,15580
25746,12494,43.4579,-65.7438,43.4932,-65.7171,"2017-08-28","2017-08-28",109,15580
25746,12494,43.4579,-65.7438,43.4932,-65.7171,"2017-08-28","2017-08-28",109,15580
25746,12494,43.4579,-65.7438,43.4932,-65.7171,"2017-08-28","2017-08-28",109,15580
25746,12494,43.4564,-65.7436,43.9247,-65.4042,"2017-08-28","2017-09-09",109,15580
25746,12494,43.9247,-65.4042,43.9859,-66.1526,"2017-09-09","2017-09-10",109,15580
25746,12494,43.9859,-66.1526,45.1257,-67.2661,"2017-09-10","2017-09-16",109,15580
25746,12494,45.1257,-67.2661,40.4107,-76.0796,"2017-09-16","2017-09-21",109,15580
25746,12494,40.4107,-76.0796,31.2956,-81.3435,"2017-09-21","2017-10-13",109,15580
25746,12494,31.2956,-81.3435,31.1229,-81.4776,"2017-10-13","2017-10-13",109,15580
25746,12494,31.1229,-81.4776,29.5266,-81.5922,"2017-10-13","2017-10-14",109,15580
25748,12496,43.4082,-66.0209,44.325,-66.1149,"2017-09-09","2017-09-09",109,15580
25748,12496,44.325,-66.1149,40.4326,-77.648,"2017-09-09","2017-09-20",109,15580
25748,12496,40.4326,-77.648,44.0241,-79.5371,"2017-09-20","2017-11-11",109,15580
25748,12496,44.0241,-79.5371,46.843,-71.2111,"2018-04-09","2018-05-19",109,15580
25748,12496,46.843,-71.2111,48.1406,-69.719,"2018-05-19","2018-12-11",109,15580
25750,12498,43.4082,-66.0209,43.7952,-66.1556,"2017-08-28","2017-08-29",109,15580
25750,12498,43.7952,-66.1556,44.1098,-65.6817,"2017-08-29","2017-08-29",109,15580
25750,12498,44.1098,-65.6817,44.765,-66.7366,"2017-08-29","2017-09-09",109,15580
25750,12498,44.765,-66.7366,40.2765,-77.2774,"2017-09-09","2017-09-21",109,15580
25750,12498,40.2765,-77.2774,42.1685,-85.518,"2017-09-21","2018-05-17",109,15580
25750,12498,42.1685,-85.518,42.8005,-80.946,"2018-05-17","2018-05-20",109,15580
25750,12498,42.8005,-80.946,42.8894,-79.9237,"2018-05-20","2018-05-20",109,15580
25750,12498,42.8894,-79.9237,42.8584,-79.5592,"2018-05-20","2018-05-20",109,15580
25750,12498,42.8584,-79.5592,43.7952,-66.1556,"2018-05-20","2018-05-29",109,15580
25752,12500,43.4082,-66.0209,43.7952,-66.1556,"2017-09-03","2017-09-03",109,15580
25752,12500,43.7952,-66.1556,43.9859,-66.1526,"2017-09-03","2017-09-03",109,15580
25752,12500,43.9859,-66.1526,45.1257,-67.2661,"2017-09-03","2017-09-09",109,15580
25752,12500,45.1257,-67.2661,40.4326,-77.648,"2017-09-09","2017-09-27",109,15580
25752,12500,40.4326,-77.648,43.3768,-80.3525,"2017-09-28","2018-09-27",109,15580
25749,12497,43.4114,-66.0092,43.9859,-66.1526,"2017-08-25","2017-08-29",109,15580
25749,12497,43.9859,-66.1526,44.325,-66.1149,"2017-08-29","2017-08-29",109,15580
25749,12497,44.325,-66.1149,44.4297,-66.1654,"2017-08-29","2017-08-29",109,15580
25749,12497,44.4297,-66.1654,45.0585,-66.4583,"2017-08-29","2017-08-29",109,15580
25749,12497,45.0585,-66.4583,40.2765,-77.2774,"2017-08-29","2017-09-20",109,15580
25749,12497,40.2765,-77.2774,29.3725,-83.0443,"2017-09-20","2017-10-12",109,15580
25760,12508,43.4082,-66.0209,43.7952,-66.1556,"2017-09-15","2017-09-16",109,15580
25760,12508,43.7952,-66.1556,45.0585,-66.4583,"2017-09-16","2017-09-17",109,15580
25760,12508,45.0585,-66.4583,41.1534,-73.1037,"2017-09-17","2017-11-05",109,15580
25762,12510,43.4082,-66.0209,43.6543,-65.7628,"2017-09-14","2017-09-15",109,15580
25762,12510,43.6543,-65.7628,40.3201,-75.9026,"2017-09-15","2017-10-02",109,15580
25757,12505,43.4082,-66.0209,44.0241,-79.5371,"2017-09-15","2018-04-06",109,15580
25757,12505,44.0241,-79.5371,48.1406,-69.719,"2018-04-06","2018-11-22",109,15580
26344,13681,43.4579,-65.7438,45.0051,-65.1185,"2017-09-06","2017-09-15",109,15580
26344,13681,45.0051,-65.1185,44.9058,-65.3509,"2017-09-15","2017-09-15",109,15580
26344,13681,44.9058,-65.3509,45.1257,-67.2661,"2017-09-15","2017-09-15",109,15580
26344,13681,45.1257,-67.2661,40.2765,-77.2774,"2017-09-15","2017-10-01",109,15580
26344,13681,40.2765,-77.2774,29.5648,-82.265,"2017-10-01","2017-10-18",109,15580
26344,13681,29.5648,-82.265,9.403,-79.8607,"2017-10-18","2017-11-15",109,15580
26344,13681,9.403,-79.8607,28.913085,-95.578384,"2017-11-15","2018-05-08",109,15580
26344,13681,28.913085,-95.578384,43.3351,-70.5492,"2018-05-08","2018-05-22",109,15580
26364,13685,43.4579,-65.7438,43.4932,-65.7171,"2017-08-21","2017-08-24",109,15580
26364,13685,43.4579,-65.7438,43.4932,-65.7171,"2017-08-29","2017-08-29",109,15580
26364,13685,43.4579,-65.7438,43.4932,-65.7171,"2017-08-29","2017-08-29",109,15580
26364,13685,43.4645,-65.7459,43.4932,-65.7171,"2017-08-29","2017-08-29",109,15580
26364,13685,43.4579,-65.7438,43.4932,-65.7171,"2017-08-29","2017-08-29",109,15580
26364,13685,43.4645,-65.7459,43.4932,-65.7171,"2017-08-29","2017-08-29",109,15580
26364,13685,43.4645,-65.7459,43.4932,-65.7171,"2017-08-29","2017-08-29",109,15580
26364,13685,43.4645,-65.7459,43.4932,-65.7171,"2017-08-29","2017-08-29",109,15580
26364,13685,43.4579,-65.7438,44.765,-66.7366,"2017-08-29","2017-09-21",109,15580
26364,13685,44.765,-66.7366,44.325,-66.1149,"2017-09-21","2017-09-21",109,15580
26364,13685,44.325,-66.1149,44.4297,-66.1654,"2017-09-21","2017-09-21",109,15580
26364,13685,44.4297,-66.1654,44.325,-66.1149,"2017-09-21","2017-09-21",109,15580
26364,13685,44.325,-66.1149,44.4297,-66.1654,"2017-09-21","2017-09-21",109,15580
26364,13685,44.4297,-66.1654,44.325,-66.1149,"2017-09-21","2017-09-21",109,15580
26364,13685,44.325,-66.1149,44.4297,-66.1654,"2017-09-21","2017-09-21",109,15580
26364,13685,44.4297,-66.1654,44.325,-66.1149,"2017-09-21","2017-09-21",109,15580
26364,13685,44.325,-66.1149,44.4297,-66.1654,"2017-09-21","2017-09-21",109,15580
26364,13685,44.4297,-66.1654,44.325,-66.1149,"2017-09-21","2017-09-21",109,15580
26364,13685,44.325,-66.1149,44.4297,-66.1654,"2017-09-21","2017-09-21",109,15580
26364,13685,44.4297,-66.1654,44.325,-66.1149,"2017-09-21","2017-09-21",109,15580
26364,13685,44.325,-66.1149,44.4297,-66.1654,"2017-09-21","2017-09-21",109,15580
26364,13685,44.4297,-66.1654,44.325,-66.1149,"2017-09-21","2017-09-21",109,15580
26364,13685,44.325,-66.1149,44.4297,-66.1654,"2017-09-21","2017-09-21",109,15580
26364,13685,44.4297,-66.1654,44.325,-66.1149,"2017-09-21","2017-09-21",109,15580
26364,13685,44.325,-66.1149,44.4297,-66.1654,"2017-09-21","2017-09-21",109,15580
26364,13685,44.4297,-66.1654,44.325,-66.1149,"2017-09-21","2017-09-21",109,15580
26364,13685,44.325,-66.1149,44.4297,-66.1654,"2017-09-21","2017-09-21",109,15580
26364,13685,44.4297,-66.1654,44.325,-66.1149,"2017-09-21","2017-09-21",109,15580
26364,13685,44.325,-66.1149,44.4297,-66.1654,"2017-09-21","2017-09-21",109,15580
26364,13685,44.4297,-66.1654,45.207,-64.3978,"2017-09-21","2017-09-24",109,15580
26364,13685,45.207,-64.3978,42.7804,-70.8084,"2017-09-24","2017-09-29",109,15580
26364,13685,42.7804,-70.8084,41.1894,-72.163,"2017-09-29","2017-09-30",109,15580
26364,13685,41.1894,-72.163,40.1544,-75.6857,"2017-09-30","2017-10-02",109,15580
26364,13685,40.1544,-75.6857,40.1271,-75.7692,"2017-10-02","2017-10-02",109,15580
26364,13685,40.1271,-75.7692,40.1544,-75.6857,"2017-10-02","2017-10-02",109,15580
26364,13685,40.1544,-75.6857,40.1271,-75.7692,"2017-10-02","2017-10-02",109,15580
26364,13685,40.1271,-75.7692,40.1544,-75.6857,"2017-10-02","2017-10-02",109,15580
26364,13685,40.1544,-75.6857,40.1271,-75.7692,"2017-10-02","2017-10-02",109,15580
26364,13685,40.1271,-75.7692,40.1544,-75.6857,"2017-10-02","2017-10-02",109,15580
26364,13685,40.1544,-75.6857,40.1271,-75.7692,"2017-10-02","2017-10-02",109,15580
26364,13685,40.1271,-75.7692,40.1544,-75.6857,"2017-10-02","2017-10-02",109,15580
26364,13685,40.1544,-75.6857,40.1271,-75.7692,"2017-10-02","2017-10-02",109,15580
26364,13685,40.1271,-75.7692,40.1544,-75.6857,"2017-10-02","2017-10-02",109,15580
26364,13685,40.1544,-75.6857,40.1271,-75.7692,"2017-10-02","2017-10-02",109,15580
26364,13685,40.1271,-75.7692,40.1544,-75.6857,"2017-10-02","2017-10-02",109,15580
26364,13685,40.1544,-75.6857,40.1271,-75.7692,"2017-10-02","2017-10-02",109,15580
26364,13685,40.1271,-75.7692,40.1544,-75.6857,"2017-10-02","2017-10-02",109,15580
26364,13685,40.1544,-75.6857,40.1271,-75.7692,"2017-10-02","2017-10-02",109,15580
26364,13685,40.1271,-75.7692,40.1544,-75.6857,"2017-10-02","2017-10-02",109,15580
26364,13685,40.1544,-75.6857,40.1271,-75.7692,"2017-10-02","2017-10-02",109,15580
26364,13685,40.1271,-75.7692,40.1544,-75.6857,"2017-10-02","2017-10-02",109,15580
26364,13685,40.1544,-75.6857,40.1271,-75.7692,"2017-10-02","2017-10-02",109,15580
26364,13685,40.1271,-75.7692,39.9842,-75.4892,"2017-10-02","2017-10-02",109,15580
26364,13685,39.9842,-75.4892,40.4296,-73.9848,"2017-10-02","2017-10-03",109,15580
26364,13685,40.4296,-73.9848,40.4107,-76.0796,"2017-10-03","2017-10-11",109,15580
26364,13685,40.4107,-76.0796,31.1229,-81.4776,"2017-10-11","2017-10-17",109,15580
26364,13685,31.1229,-81.4776,9.0777,-79.6493,"2017-10-17","2017-11-11",109,15580
26364,13685,9.0777,-79.6493,9.0165,-79.4466,"2017-11-11","2017-11-11",109,15580
26364,13685,9.0165,-79.4466,43.3351,-70.5492,"2017-11-11","2018-05-23",109,15580
26364,13685,43.3351,-70.5492,44.4116,-67.9046,"2018-05-23","2018-05-25",109,15580
26364,13685,44.4116,-67.9046,45.207,-64.3978,"2018-05-25","2018-10-23",109,15580
26375,13689,43.4579,-65.7438,44.4297,-66.1654,"2017-09-06","2017-09-29",109,15580
26375,13689,44.4297,-66.1654,44.2754,-66.3493,"2017-09-29","2017-09-30",109,15580
26375,13689,44.2754,-66.3493,43.893815,-69.125535,"2017-09-30","2017-09-30",109,15580
26375,13689,43.893815,-69.125535,42.7804,-70.8084,"2017-09-30","2017-10-07",109,15580
26375,13689,42.7804,-70.8084,41.2613,-70.8152,"2017-10-07","2017-10-07",109,15580
26375,13689,41.2613,-70.8152,41.3734,-71.5762,"2017-10-07","2017-10-07",109,15580
26375,13689,41.3734,-71.5762,NA,NA,"2017-10-07","2017-10-07",109,15580
26375,13689,NA,NA,41.3734,-71.5762,"2017-10-07","2017-10-07",109,15580
26375,13689,41.3734,-71.5762,NA,NA,"2017-10-07","2017-10-07",109,15580
26375,13689,NA,NA,41.3734,-71.5762,"2017-10-07","2017-10-07",109,15580
26375,13689,41.3734,-71.5762,NA,NA,"2017-10-07","2017-10-07",109,15580
26375,13689,NA,NA,41.3734,-71.5762,"2017-10-07","2017-10-07",109,15580
26375,13689,41.3734,-71.5762,41.1894,-72.163,"2017-10-07","2017-10-07",109,15580
26375,13689,41.1894,-72.163,NA,NA,"2017-10-07","2017-10-07",109,15580
26375,13689,NA,NA,41.2599,-72.5496,"2017-10-07","2017-10-07",109,15580
26375,13689,41.2599,-72.5496,38.241,-75.136,"2017-10-10","2017-10-11",109,15580
26375,13689,38.241,-75.136,32.9071,-79.6134,"2017-10-11","2017-10-27",109,15580
26375,13689,32.9071,-79.6134,31.2956,-81.3435,"2017-10-27","2017-11-10",109,15580
26375,13689,31.2956,-81.3435,31.1229,-81.4776,"2017-11-10","2017-11-10",109,15580
26375,13689,31.1229,-81.4776,29.5266,-81.5922,"2017-11-10","2017-11-10",109,15580
26375,13689,29.5266,-81.5922,27.6228,-82.7139,"2017-11-10","2017-11-11",109,15580
26375,13689,27.6228,-82.7139,9.0165,-79.4466,"2017-11-11","2017-12-09",109,15580
26361,13684,43.4579,-65.7438,43.4932,-65.7171,"2017-09-06","2017-09-06",109,15580
26361,13684,43.4564,-65.7436,43.4932,-65.7171,"2017-09-06","2017-09-06",109,15580
26361,13684,43.4579,-65.7438,43.4932,-65.7171,"2017-09-06","2017-09-06",109,15580
26361,13684,43.4564,-65.7436,43.4932,-65.7171,"2017-09-13","2017-09-13",109,15580
26361,13684,43.4579,-65.7438,43.4932,-65.7171,"2017-09-13","2017-09-13",109,15580
26361,13684,43.4579,-65.7438,43.4932,-65.7171,"2017-09-13","2017-09-13",109,15580
26361,13684,43.4579,-65.7438,43.4932,-65.7171,"2017-09-13","2017-09-13",109,15580
26361,13684,43.4579,-65.7438,43.4932,-65.7171,"2017-09-13","2017-09-13",109,15580
26361,13684,43.4579,-65.7438,43.9859,-66.1526,"2017-09-13","2017-09-17",109,15580
26361,13684,43.9859,-66.1526,44.325,-66.1149,"2017-09-18","2017-09-18",109,15580
26361,13684,44.325,-66.1149,42.3605,-72.5073,"2017-09-18","2017-09-22",109,15580
26361,13684,42.3605,-72.5073,42.3943,-72.5211,"2017-09-22","2017-09-23",109,15580
26361,13684,42.3943,-72.5211,42.396,-72.5174,"2017-09-23","2017-09-23",109,15580
26361,13684,42.396,-72.5174,42.3943,-72.5211,"2017-09-23","2017-09-23",109,15580
26361,13684,42.3943,-72.5211,42.396,-72.5174,"2017-09-23","2017-09-23",109,15580
26361,13684,42.396,-72.5174,40.1544,-75.6857,"2017-09-23","2017-10-07",109,15580
26361,13684,40.1544,-75.6857,40.3201,-75.9026,"2017-10-07","2017-10-07",109,15580
26361,13684,40.3201,-75.9026,40.4107,-76.0796,"2017-10-07","2017-10-07",109,15580
26361,13684,40.4107,-76.0796,40.2765,-77.2774,"2017-10-07","2017-10-16",109,15580
26369,13687,43.4645,-65.7459,43.4932,-65.7171,"2017-09-09","2017-09-09",109,15580
26369,13687,43.4645,-65.7459,43.4932,-65.7171,"2017-09-09","2017-09-09",109,15580
26369,13687,43.4645,-65.7459,43.4932,-65.7171,"2017-09-09","2017-09-09",109,15580
26369,13687,43.4645,-65.7459,43.4932,-65.7171,"2017-09-09","2017-09-09",109,15580
26369,13687,43.4645,-65.7459,43.4932,-65.7171,"2017-09-09","2017-09-09",109,15580
26369,13687,43.4645,-65.7459,43.4932,-65.7171,"2017-09-09","2017-09-09",109,15580
26369,13687,43.4564,-65.7436,43.4932,-65.7171,"2017-09-09","2017-09-09",109,15580
26369,13687,43.4579,-65.7438,43.4932,-65.7171,"2017-09-09","2017-09-09",109,15580
26369,13687,43.4645,-65.7459,43.4932,-65.7171,"2017-09-09","2017-09-09",109,15580
26369,13687,43.4645,-65.7459,43.4932,-65.7171,"2017-09-09","2017-09-09",109,15580
26369,13687,43.4645,-65.7459,43.4932,-65.7171,"2017-09-09","2017-09-09",109,15580
26369,13687,43.4645,-65.7459,43.4932,-65.7171,"2017-09-09","2017-09-09",109,15580
26369,13687,43.4645,-65.7459,43.4932,-65.7171,"2017-09-09","2017-09-09",109,15580
26369,13687,43.4645,-65.7459,43.4932,-65.7171,"2017-09-09","2017-09-09",109,15580
26369,13687,43.4645,-65.7459,43.4932,-65.7171,"2017-09-09","2017-09-09",109,15580
26369,13687,43.4645,-65.7459,43.4932,-65.7171,"2017-09-09","2017-09-09",109,15580
26369,13687,43.4645,-65.7459,43.4932,-65.7171,"2017-09-09","2017-09-09",109,15580
26369,13687,43.4564,-65.7436,43.6543,-65.7628,"2017-09-09","2017-09-13",109,15580
26369,13687,43.6543,-65.7628,44.1098,-65.6817,"2017-09-13","2017-09-13",109,15580
26369,13687,44.1098,-65.6817,44.7219,-65.5425,"2017-09-13","2017-09-23",109,15580
26369,13687,44.7219,-65.5425,44.9058,-65.3509,"2017-09-23","2017-09-23",109,15580
26369,13687,44.9058,-65.3509,42.3605,-72.5073,"2017-09-23","2017-09-30",109,15580
26369,13687,42.3605,-72.5073,42.3633,-72.5123,"2017-09-30","2017-09-30",109,15580
26369,13687,42.3633,-72.5123,42.3605,-72.5073,"2017-09-30","2017-09-30",109,15580
26369,13687,42.3605,-72.5073,42.3633,-72.5123,"2017-09-30","2017-09-30",109,15580
26369,13687,42.3633,-72.5123,42.3605,-72.5073,"2017-09-30","2017-09-30",109,15580
26369,13687,42.3605,-72.5073,42.3633,-72.5123,"2017-09-30","2017-09-30",109,15580
26369,13687,42.3633,-72.5123,42.3605,-72.5073,"2017-09-30","2017-09-30",109,15580
26369,13687,42.3605,-72.5073,42.3633,-72.5123,"2017-09-30","2017-09-30",109,15580
26369,13687,42.3633,-72.5123,42.3605,-72.5073,"2017-09-30","2017-09-30",109,15580
26369,13687,42.3605,-72.5073,43.3351,-70.5492,"2017-09-30","2018-05-23",109,15580
26335,13676,43.4564,-65.7436,NA,NA,"2017-08-14","2017-08-14",109,15580
26335,13676,43.4564,-65.7436,44.0241,-79.5371,"2017-12-27","2017-12-27",109,15580
26335,13676,43.4564,-65.7436,45.0722,-64.4063,"2018-05-18","2018-05-18",109,15580
26335,13676,43.4564,-65.7436,45.0722,-64.4063,"2018-05-18","2018-05-18",109,15580
26335,13676,43.4564,-65.7436,45.0722,-64.4063,"2018-05-18","2018-05-18",109,15580
26335,13676,43.4564,-65.7436,NA,NA,"2018-06-07","2018-06-07",109,15580
26338,13677,43.4564,-65.7436,43.9859,-66.1526,"2017-09-06","2017-09-30",109,15580
26338,13677,43.9859,-66.1526,41.2599,-72.5496,"2017-09-30","2017-10-01",109,15580
26338,13677,41.2599,-72.5496,41.1894,-72.163,"2017-10-01","2017-10-01",109,15580
26338,13677,41.1894,-72.163,41.2599,-72.5496,"2017-10-01","2017-10-01",109,15580
26338,13677,41.2599,-72.5496,41.1894,-72.163,"2017-10-01","2017-10-01",109,15580
26338,13677,41.1894,-72.163,41.2599,-72.5496,"2017-10-01","2017-10-01",109,15580
26338,13677,41.2599,-72.5496,41.1894,-72.163,"2017-10-01","2017-10-01",109,15580
26338,13677,41.1894,-72.163,41.2599,-72.5496,"2017-10-01","2017-10-01",109,15580
26338,13677,41.2599,-72.5496,41.1894,-72.163,"2017-10-01","2017-10-01",109,15580
26338,13677,41.1894,-72.163,41.2599,-72.5496,"2017-10-01","2017-10-01",109,15580
26338,13677,41.2599,-72.5496,41.1894,-72.163,"2017-10-01","2017-10-01",109,15580
26338,13677,41.1894,-72.163,41.2599,-72.5496,"2017-10-01","2017-10-01",109,15580
26338,13677,41.2599,-72.5496,41.1894,-72.163,"2017-10-01","2017-10-01",109,15580
26338,13677,41.1894,-72.163,41.2599,-72.5496,"2017-10-01","2017-10-01",109,15580
26338,13677,41.2599,-72.5496,41.1894,-72.163,"2017-10-01","2017-10-01",109,15580
26338,13677,41.1894,-72.163,41.2599,-72.5496,"2017-10-01","2017-10-01",109,15580
26338,13677,41.2599,-72.5496,41.1894,-72.163,"2017-10-01","2017-10-01",109,15580
26338,13677,41.1894,-72.163,41.2599,-72.5496,"2017-10-01","2017-10-01",109,15580
26338,13677,41.2599,-72.5496,41.1894,-72.163,"2017-10-01","2017-10-01",109,15580
26338,13677,41.1894,-72.163,41.2599,-72.5496,"2017-10-01","2017-10-01",109,15580
26338,13677,41.2599,-72.5496,41.1894,-72.163,"2017-10-01","2017-10-01",109,15580
26338,13677,41.1894,-72.163,40.6328,-73.2157,"2017-10-01","2017-10-01",109,15580
26338,13677,40.6328,-73.2157,40.4296,-73.9848,"2017-10-01","2017-10-01",109,15580
26338,13677,40.4296,-73.9848,38.7738,-76.7113,"2017-10-01","2017-10-01",109,15580
26346,13680,43.4564,-65.7436,43.9859,-66.1526,"2017-08-22","2017-08-28",109,15580
26346,13680,43.9859,-66.1526,44.325,-66.1149,"2017-08-28","2017-08-28",109,15580
26346,13680,44.325,-66.1149,44.2754,-66.3493,"2017-08-28","2017-08-28",109,15580
26346,13680,44.2754,-66.3493,44.325,-66.1149,"2017-08-28","2017-08-28",109,15580
26346,13680,44.325,-66.1149,44.2754,-66.3493,"2017-08-28","2017-08-28",109,15580
26346,13680,44.2754,-66.3493,44.325,-66.1149,"2017-08-28","2017-08-28",109,15580
26346,13680,44.325,-66.1149,44.2754,-66.3493,"2017-08-28","2017-08-28",109,15580
26346,13680,44.2754,-66.3493,44.325,-66.1149,"2017-08-28","2017-08-28",109,15580
26346,13680,44.325,-66.1149,44.4297,-66.1654,"2017-08-28","2017-08-28",109,15580
26346,13680,44.4297,-66.1654,43.9459,-64.8394,"2017-08-29","2017-09-01",109,15580
26346,13680,43.9459,-64.8394,43.8155,-64.8964,"2017-09-01","2017-09-01",109,15580
26346,13680,43.8155,-64.8964,43.6993,-65.0284,"2017-09-01","2017-09-03",109,15580
26346,13680,43.4645,-65.7459,43.4932,-65.7171,"2017-09-03","2017-09-03",109,15580
26346,13680,43.4645,-65.7459,43.4932,-65.7171,"2017-09-03","2017-09-03",109,15580
26346,13680,43.4579,-65.7438,43.4932,-65.7171,"2017-09-03","2017-09-03",109,15580
26346,13680,43.4579,-65.7438,43.4932,-65.7171,"2017-09-03","2017-09-03",109,15580
26346,13680,43.4645,-65.7459,43.4932,-65.7171,"2017-09-03","2017-09-03",109,15580
26346,13680,43.4645,-65.7459,43.4932,-65.7171,"2017-09-03","2017-09-03",109,15580
26346,13680,43.4579,-65.7438,43.4932,-65.7171,"2017-09-03","2017-09-03",109,15580
26346,13680,43.4645,-65.7459,43.4932,-65.7171,"2017-09-03","2017-09-03",109,15580
26346,13680,43.4645,-65.7459,43.4932,-65.7171,"2017-09-03","2017-09-03",109,15580
26346,13680,43.4579,-65.7438,43.4932,-65.7171,"2017-09-03","2017-09-03",109,15580
26346,13680,43.4579,-65.7438,43.4932,-65.7171,"2017-09-03","2017-09-03",109,15580
26346,13680,43.4645,-65.7459,43.4932,-65.7171,"2017-09-03","2017-09-03",109,15580
26346,13680,43.4645,-65.7459,43.4932,-65.7171,"2017-09-03","2017-09-03",109,15580
26346,13680,43.4579,-65.7438,43.4932,-65.7171,"2017-09-03","2017-09-03",109,15580
26346,13680,43.4564,-65.7436,43.4932,-65.7171,"2017-09-03","2017-09-03",109,15580
26346,13680,43.4564,-65.7436,43.4932,-65.7171,"2017-09-03","2017-09-03",109,15580
26346,13680,43.4564,-65.7436,43.4932,-65.7171,"2017-09-03","2017-09-03",109,15580
26346,13680,43.4564,-65.7436,43.4932,-65.7171,"2017-09-03","2017-09-03",109,15580
26346,13680,43.4564,-65.7436,43.4932,-65.7171,"2017-09-03","2017-09-03",109,15580
26346,13680,43.4564,-65.7436,43.4932,-65.7171,"2017-09-03","2017-09-03",109,15580
26346,13680,43.4564,-65.7436,43.4932,-65.7171,"2017-09-03","2017-09-03",109,15580
26346,13680,43.4564,-65.7436,43.4932,-65.7171,"2017-09-03","2017-09-03",109,15580
26346,13680,43.4564,-65.7436,43.4932,-65.7171,"2017-09-03","2017-09-03",109,15580
26346,13680,43.4564,-65.7436,43.4932,-65.7171,"2017-09-03","2017-09-03",109,15580
26346,13680,43.4564,-65.7436,43.4932,-65.7171,"2017-09-03","2017-09-03",109,15580
26346,13680,43.4579,-65.7438,44.325,-66.1149,"2017-09-04","2017-09-06",109,15580
26346,13680,44.325,-66.1149,44.4297,-66.1654,"2017-09-06","2017-09-06",109,15580
26346,13680,44.4297,-66.1654,42.0326,-72.6,"2017-09-06","2017-09-09",109,15580
26358,13683,43.4579,-65.7438,43.4932,-65.7171,"2017-08-23","2017-08-23",109,15580
26358,13683,43.4645,-65.7459,43.4932,-65.7171,"2017-08-23","2017-08-23",109,15580
26358,13683,43.4579,-65.7438,43.4932,-65.7171,"2017-08-23","2017-08-23",109,15580
26358,13683,43.4579,-65.7438,43.4932,-65.7171,"2017-08-23","2017-08-23",109,15580
26358,13683,43.4564,-65.7436,43.6914,-65.2353,"2017-08-24","2017-08-25",109,15580
26358,13683,43.4564,-65.7436,43.6543,-65.7628,"2017-08-26","2017-08-28",109,15580
26358,13683,43.4579,-65.7438,43.9859,-66.1526,"2017-08-28","2017-08-28",109,15580
26358,13683,43.9859,-66.1526,44.4035,-65.2193,"2017-08-28","2017-08-29",109,15580
26358,13683,44.4035,-65.2193,43.9247,-65.4042,"2017-08-29","2017-09-01",109,15580
26358,13683,43.9247,-65.4042,44.0657,-64.6075,"2017-09-01","2017-09-01",109,15580
26358,13683,43.4564,-65.7436,40.4107,-76.0796,"2017-09-04","2017-09-11",109,15580
26358,13683,40.4107,-76.0796,40.1271,-75.7692,"2017-09-11","2018-05-04",109,15580
26358,13683,40.1271,-75.7692,43.7952,-66.1556,"2018-05-04","2018-05-22",109,15580
26340,13678,43.4564,-65.7436,43.4932,-65.7171,"2017-08-24","2017-08-24",109,15580
26340,13678,43.4564,-65.7436,43.4932,-65.7171,"2017-08-24","2017-08-24",109,15580
26340,13678,43.4579,-65.7438,43.4932,-65.7171,"2017-08-24","2017-08-24",109,15580
26340,13678,43.4564,-65.7436,43.4932,-65.7171,"2017-08-24","2017-08-24",109,15580
26340,13678,43.4579,-65.7438,43.4932,-65.7171,"2017-08-24","2017-08-24",109,15580
26340,13678,43.4579,-65.7438,43.4932,-65.7171,"2017-08-24","2017-08-24",109,15580
26340,13678,43.4579,-65.7438,43.4932,-65.7171,"2017-08-24","2017-08-24",109,15580
26340,13678,43.4579,-65.7438,43.4932,-65.7171,"2017-08-24","2017-08-24",109,15580
26340,13678,43.4564,-65.7436,43.4932,-65.7171,"2017-08-24","2017-08-24",109,15580
26340,13678,43.4564,-65.7436,43.4932,-65.7171,"2017-08-24","2017-08-24",109,15580
26340,13678,43.4579,-65.7438,43.4932,-65.7171,"2017-08-25","2017-08-25",109,15580
26340,13678,43.4564,-65.7436,43.4932,-65.7171,"2017-08-25","2017-08-25",109,15580
26340,13678,43.4579,-65.7438,43.4932,-65.7171,"2017-08-25","2017-08-25",109,15580
26340,13678,43.4579,-65.7438,43.4932,-65.7171,"2017-08-25","2017-08-25",109,15580
26340,13678,43.4579,-65.7438,43.4932,-65.7171,"2017-08-25","2017-08-25",109,15580
26340,13678,43.4579,-65.7438,43.4932,-65.7171,"2017-08-25","2017-08-25",109,15580
26340,13678,43.4579,-65.7438,43.4932,-65.7171,"2017-08-25","2017-08-25",109,15580
26340,13678,43.4579,-65.7438,43.4932,-65.7171,"2017-08-25","2017-08-25",109,15580
26340,13678,43.4564,-65.7436,43.4932,-65.7171,"2017-08-25","2017-08-25",109,15580
26340,13678,43.4645,-65.7459,43.4932,-65.7171,"2017-08-25","2017-08-25",109,15580
26340,13678,43.4645,-65.7459,43.4932,-65.7171,"2017-08-25","2017-08-25",109,15580
26340,13678,43.4579,-65.7438,43.4932,-65.7171,"2017-08-25","2017-08-25",109,15580
26340,13678,43.4645,-65.7459,43.4932,-65.7171,"2017-08-25","2017-08-25",109,15580
26340,13678,43.4579,-65.7438,43.4932,-65.7171,"2017-08-25","2017-08-25",109,15580
26340,13678,43.4645,-65.7459,43.4932,-65.7171,"2017-08-25","2017-08-25",109,15580
26340,13678,43.4645,-65.7459,43.4932,-65.7171,"2017-08-25","2017-08-25",109,15580
26340,13678,43.4645,-65.7459,43.4932,-65.7171,"2017-08-25","2017-08-25",109,15580
26340,13678,43.4645,-65.7459,43.4932,-65.7171,"2017-08-25","2017-08-25",109,15580
26340,13678,43.4645,-65.7459,43.4932,-65.7171,"2017-08-25","2017-08-25",109,15580
26340,13678,43.4579,-65.7438,43.4932,-65.7171,"2017-08-25","2017-08-25",109,15580
26340,13678,43.4645,-65.7459,43.4932,-65.7171,"2017-08-25","2017-08-25",109,15580
26340,13678,43.4645,-65.7459,43.4932,-65.7171,"2017-08-25","2017-08-25",109,15580
26340,13678,43.4645,-65.7459,43.4932,-65.7171,"2017-08-25","2017-08-25",109,15580
26340,13678,43.4645,-65.7459,43.4932,-65.7171,"2017-08-25","2017-08-25",109,15580
26340,13678,43.4645,-65.7459,43.4932,-65.7171,"2017-08-25","2017-08-25",109,15580
26340,13678,43.4564,-65.7436,43.4932,-65.7171,"2017-08-25","2017-08-25",109,15580
26340,13678,43.4645,-65.7459,43.4932,-65.7171,"2017-08-25","2017-08-25",109,15580
26340,13678,43.4645,-65.7459,43.4932,-65.7171,"2017-08-25","2017-08-25",109,15580
26340,13678,43.4564,-65.7436,43.4932,-65.7171,"2017-08-25","2017-08-25",109,15580
26340,13678,43.4645,-65.7459,43.4932,-65.7171,"2017-08-25","2017-08-25",109,15580
26340,13678,43.4564,-65.7436,43.4932,-65.7171,"2017-08-25","2017-08-25",109,15580
26340,13678,43.4645,-65.7459,43.4932,-65.7171,"2017-08-25","2017-08-25",109,15580
26340,13678,43.4564,-65.7436,43.4932,-65.7171,"2017-08-25","2017-08-25",109,15580
26340,13678,43.4645,-65.7459,43.4932,-65.7171,"2017-08-25","2017-08-25",109,15580
26340,13678,43.4564,-65.7436,43.4932,-65.7171,"2017-08-25","2017-08-25",109,15580
26340,13678,43.4564,-65.7436,43.4932,-65.7171,"2017-08-25","2017-08-25",109,15580
26340,13678,43.4579,-65.7438,43.4932,-65.7171,"2017-08-25","2017-08-25",109,15580
26340,13678,43.4564,-65.7436,43.4932,-65.7171,"2017-08-27","2017-08-27",109,15580
26340,13678,43.4579,-65.7438,43.4932,-65.7171,"2017-08-27","2017-08-27",109,15580
26340,13678,43.4579,-65.7438,43.4932,-65.7171,"2017-08-27","2017-08-27",109,15580
26340,13678,43.4579,-65.7438,43.4932,-65.7171,"2017-08-27","2017-08-27",109,15580
26340,13678,43.4579,-65.7438,43.4932,-65.7171,"2017-08-27","2017-08-27",109,15580
26340,13678,43.4579,-65.7438,43.4932,-65.7171,"2017-08-27","2017-08-27",109,15580
26340,13678,43.4579,-65.7438,43.4932,-65.7171,"2017-08-27","2017-08-27",109,15580
26340,13678,43.4579,-65.7438,43.4932,-65.7171,"2017-08-27","2017-08-27",109,15580
26340,13678,43.4564,-65.7436,43.4932,-65.7171,"2017-08-27","2017-08-27",109,15580
26340,13678,43.4579,-65.7438,44.4297,-66.1654,"2017-08-27","2017-08-28",109,15580
26340,13678,44.4297,-66.1654,45.1257,-67.2661,"2017-09-08","2017-09-10",109,15580
26340,13678,45.1257,-67.2661,43.3351,-70.5492,"2017-09-10","2017-09-10",109,15580
26340,13678,43.3351,-70.5492,41.1121,-73.3305,"2017-09-10","2017-09-10",109,15580
26340,13678,41.1121,-73.3305,41.1894,-72.163,"2017-09-10","2017-09-11",109,15580
26340,13678,41.1894,-72.163,40.6328,-73.2157,"2017-09-11","2017-09-11",109,15580
26340,13678,40.6328,-73.2157,40.4296,-73.9848,"2017-09-11","2017-09-11",109,15580
26340,13678,40.4296,-73.9848,40.573745,-73.977428,"2017-09-11","2017-09-11",109,15580
26340,13678,40.573745,-73.977428,40.4296,-73.9848,"2017-09-11","2017-09-11",109,15580
26340,13678,40.4296,-73.9848,40.573745,-73.977428,"2017-09-11","2017-09-11",109,15580
26340,13678,40.573745,-73.977428,40.4296,-73.9848,"2017-09-11","2017-09-11",109,15580
26340,13678,40.4296,-73.9848,40.573745,-73.977428,"2017-09-11","2017-09-11",109,15580
26340,13678,40.573745,-73.977428,40.4296,-73.9848,"2017-09-11","2017-09-11",109,15580
26340,13678,40.4296,-73.9848,40.573745,-73.977428,"2017-09-11","2017-09-11",109,15580
26340,13678,40.573745,-73.977428,40.4296,-73.9848,"2017-09-11","2017-09-11",109,15580
26340,13678,40.4296,-73.9848,40.573745,-73.977428,"2017-09-11","2017-09-11",109,15580
26340,13678,40.573745,-73.977428,40.4296,-73.9848,"2017-09-11","2017-09-11",109,15580
26340,13678,40.4296,-73.9848,40.573745,-73.977428,"2017-09-11","2017-09-11",109,15580
26340,13678,40.573745,-73.977428,40.4296,-73.9848,"2017-09-11","2017-09-11",109,15580
26340,13678,40.4296,-73.9848,40.573745,-73.977428,"2017-09-11","2017-09-11",109,15580
26340,13678,40.573745,-73.977428,40.4296,-73.9848,"2017-09-11","2017-09-11",109,15580
26340,13678,40.4296,-73.9848,40.573745,-73.977428,"2017-09-11","2017-09-11",109,15580
26340,13678,40.573745,-73.977428,40.4296,-73.9848,"2017-09-11","2017-09-11",109,15580
26340,13678,40.4296,-73.9848,40.573745,-73.977428,"2017-09-11","2017-09-11",109,15580
26340,13678,40.573745,-73.977428,40.4296,-73.9848,"2017-09-11","2017-09-11",109,15580
26340,13678,40.4296,-73.9848,40.573745,-73.977428,"2017-09-11","2017-09-11",109,15580
26340,13678,40.573745,-73.977428,40.4296,-73.9848,"2017-09-11","2017-09-11",109,15580
26340,13678,40.4296,-73.9848,40.573745,-73.977428,"2017-09-11","2017-09-11",109,15580
26340,13678,40.573745,-73.977428,40.4296,-73.9848,"2017-09-11","2017-09-11",109,15580
26340,13678,40.4296,-73.9848,40.1544,-75.6857,"2017-09-11","2017-09-16",109,15580
26331,13675,43.4579,-65.7438,43.4932,-65.7171,"2017-08-28","2017-08-28",109,15580
26331,13675,43.4579,-65.7438,43.4932,-65.7171,"2017-08-28","2017-08-28",109,15580
26331,13675,43.4579,-65.7438,43.4932,-65.7171,"2017-08-28","2017-08-28",109,15580
26331,13675,43.4579,-65.7438,43.4932,-65.7171,"2017-08-28","2017-08-28",109,15580
26331,13675,43.4579,-65.7438,43.4932,-65.7171,"2017-08-28","2017-08-28",109,15580
26331,13675,43.4564,-65.7436,43.4932,-65.7171,"2017-08-28","2017-08-28",109,15580
26331,13675,43.4579,-65.7438,43.4932,-65.7171,"2017-08-28","2017-08-28",109,15580
26331,13675,43.4579,-65.7438,43.4932,-65.7171,"2017-08-28","2017-08-28",109,15580
26331,13675,43.4579,-65.7438,43.4932,-65.7171,"2017-08-28","2017-08-28",109,15580
26331,13675,43.4564,-65.7436,43.4932,-65.7171,"2017-08-28","2017-08-28",109,15580
26331,13675,43.4579,-65.7438,43.4932,-65.7171,"2017-08-28","2017-08-28",109,15580
26331,13675,43.4579,-65.7438,43.4932,-65.7171,"2017-08-28","2017-08-28",109,15580
26331,13675,43.4579,-65.7438,43.4932,-65.7171,"2017-08-28","2017-08-28",109,15580
26331,13675,43.4579,-65.7438,43.4932,-65.7171,"2017-08-28","2017-08-28",109,15580
26331,13675,43.4579,-65.7438,43.4932,-65.7171,"2017-08-28","2017-08-28",109,15580
26331,13675,43.4579,-65.7438,43.4932,-65.7171,"2017-08-28","2017-08-28",109,15580
26331,13675,43.4579,-65.7438,43.4932,-65.7171,"2017-08-28","2017-08-28",109,15580
26331,13675,43.4579,-65.7438,43.4932,-65.7171,"2017-08-28","2017-08-28",109,15580
26331,13675,43.4579,-65.7438,43.4932,-65.7171,"2017-08-28","2017-08-28",109,15580
26331,13675,43.4579,-65.7438,44.4297,-66.1654,"2017-09-03","2017-09-09",109,15580
26331,13675,44.4297,-66.1654,40.4107,-76.0796,"2017-09-09","2017-09-20",109,15580
26331,13675,40.4107,-76.0796,29.0943,-95.2799,"2017-09-20","2018-05-03",109,15580
26378,13690,43.4579,-65.7438,43.4932,-65.7171,"2017-09-03","2017-09-03",109,15580
26378,13690,43.4579,-65.7438,43.4932,-65.7171,"2017-09-03","2017-09-03",109,15580
26378,13690,43.4579,-65.7438,43.4932,-65.7171,"2017-09-03","2017-09-03",109,15580
26378,13690,43.4579,-65.7438,43.4932,-65.7171,"2017-09-03","2017-09-03",109,15580
26378,13690,43.4579,-65.7438,43.4932,-65.7171,"2017-09-03","2017-09-03",109,15580
26378,13690,43.4579,-65.7438,43.4932,-65.7171,"2017-09-03","2017-09-03",109,15580
26378,13690,43.4579,-65.7438,43.4932,-65.7171,"2017-09-03","2017-09-03",109,15580
26378,13690,43.4579,-65.7438,43.4932,-65.7171,"2017-09-03","2017-09-03",109,15580
26378,13690,43.4579,-65.7438,43.4932,-65.7171,"2017-09-03","2017-09-03",109,15580
26378,13690,43.4579,-65.7438,43.4932,-65.7171,"2017-09-03","2017-09-03",109,15580
26378,13690,43.4579,-65.7438,43.4932,-65.7171,"2017-09-03","2017-09-03",109,15580
26378,13690,43.4579,-65.7438,43.6543,-65.7628,"2017-09-03","2017-09-16",109,15580
26378,13690,43.6543,-65.7628,43.4932,-65.7171,"2017-09-16","2017-09-17",109,15580
26378,13690,43.4579,-65.7438,43.4932,-65.7171,"2017-09-17","2017-09-17",109,15580
26378,13690,43.4579,-65.7438,43.4932,-65.7171,"2017-09-17","2017-09-17",109,15580
26378,13690,43.4564,-65.7436,43.4932,-65.7171,"2017-09-17","2017-09-17",109,15580
26378,13690,43.4564,-65.7436,43.4932,-65.7171,"2017-09-17","2017-09-17",109,15580
26378,13690,43.4564,-65.7436,43.4932,-65.7171,"2017-09-17","2017-09-17",109,15580
26378,13690,43.4564,-65.7436,43.4932,-65.7171,"2017-09-17","2017-09-17",109,15580
26378,13690,43.4564,-65.7436,43.4932,-65.7171,"2017-09-17","2017-09-17",109,15580
26378,13690,43.4579,-65.7438,43.6543,-65.7628,"2017-09-23","2017-09-23",109,15580
26378,13690,43.6543,-65.7628,43.7952,-66.1556,"2017-09-23","2017-09-24",109,15580
26378,13690,43.7952,-66.1556,44.2754,-66.3493,"2017-09-24","2017-09-24",109,15580
26378,13690,44.2754,-66.3493,44.325,-66.1149,"2017-09-24","2017-09-24",109,15580
26378,13690,44.325,-66.1149,NA,NA,"2017-09-24","2017-10-01",109,15580
26378,13690,NA,NA,41.1121,-73.3305,"2017-10-01","2017-10-01",109,15580
26378,13690,41.1121,-73.3305,41.1894,-72.163,"2017-10-02","2017-10-02",109,15580
26378,13690,41.1894,-72.163,41.3734,-71.5762,"2017-10-02","2017-10-02",109,15580
26378,13690,41.3734,-71.5762,NA,NA,"2017-10-02","2017-10-02",109,15580
26378,13690,NA,NA,41.3734,-71.5762,"2017-10-02","2017-10-02",109,15580
26378,13690,41.3734,-71.5762,NA,NA,"2017-10-02","2017-10-02",109,15580
26378,13690,NA,NA,41.3734,-71.5762,"2017-10-02","2017-10-02",109,15580
26378,13690,41.3734,-71.5762,NA,NA,"2017-10-02","2017-10-02",109,15580
26378,13690,NA,NA,41.3734,-71.5762,"2017-10-02","2017-10-02",109,15580
26378,13690,41.3734,-71.5762,NA,NA,"2017-10-02","2017-10-02",109,15580
26378,13690,NA,NA,41.3734,-71.5762,"2017-10-02","2017-10-02",109,15580
26378,13690,41.3734,-71.5762,NA,NA,"2017-10-02","2017-10-02",109,15580
26378,13690,NA,NA,41.3734,-71.5762,"2017-10-02","2017-10-02",109,15580
26378,13690,41.3734,-71.5762,NA,NA,"2017-10-02","2017-10-02",109,15580
26378,13690,NA,NA,41.3734,-71.5762,"2017-10-02","2017-10-02",109,15580
26378,13690,41.3734,-71.5762,NA,NA,"2017-10-02","2017-10-02",109,15580
26378,13690,NA,NA,41.3734,-71.5762,"2017-10-02","2017-10-02",109,15580
26378,13690,41.3734,-71.5762,NA,NA,"2017-10-02","2017-10-02",109,15580
26378,13690,NA,NA,41.3734,-71.5762,"2017-10-02","2017-10-02",109,15580
26378,13690,41.3734,-71.5762,NA,NA,"2017-10-02","2017-10-02",109,15580
26378,13690,NA,NA,41.3734,-71.5762,"2017-10-02","2017-10-02",109,15580
26378,13690,41.3734,-71.5762,NA,NA,"2017-10-02","2017-10-02",109,15580
26378,13690,NA,NA,41.3734,-71.5762,"2017-10-02","2017-10-02",109,15580
26378,13690,41.3734,-71.5762,NA,NA,"2017-10-02","2017-10-02",109,15580
26378,13690,NA,NA,41.3734,-71.5762,"2017-10-02","2017-10-02",109,15580
26378,13690,41.3734,-71.5762,NA,NA,"2017-10-02","2017-10-02",109,15580
26378,13690,NA,NA,41.1894,-72.163,"2017-10-02","2017-10-02",109,15580
26378,13690,41.1894,-72.163,41.2599,-72.5496,"2017-10-02","2017-10-02",109,15580
26378,13690,41.2599,-72.5496,40.4296,-73.9848,"2017-10-02","2017-10-02",109,15580
26378,13690,40.4296,-73.9848,39.8209,-75.7221,"2017-10-02","2017-10-03",109,15580
26355,13682,43.4564,-65.7436,43.4932,-65.7171,"2017-08-30","2017-08-30",109,15580
26355,13682,43.4564,-65.7436,43.4932,-65.7171,"2017-08-30","2017-08-30",109,15580
26355,13682,43.4564,-65.7436,43.4932,-65.7171,"2017-08-30","2017-08-30",109,15580
26355,13682,43.4645,-65.7459,43.4932,-65.7171,"2017-08-30","2017-08-30",109,15580
26355,13682,43.4564,-65.7436,43.4932,-65.7171,"2017-08-30","2017-08-30",109,15580
26355,13682,43.4645,-65.7459,43.4932,-65.7171,"2017-08-30","2017-08-30",109,15580
26355,13682,43.4645,-65.7459,43.4932,-65.7171,"2017-08-30","2017-08-30",109,15580
26355,13682,43.4932,-65.7171,43.4596,-65.4815,"2017-08-30","2017-09-09",109,15580
26372,13688,43.4579,-65.7438,43.4932,-65.7171,"2017-09-03","2017-09-03",109,15580
26372,13688,43.4579,-65.7438,43.4932,-65.7171,"2017-09-03","2017-09-03",109,15580
26372,13688,43.4579,-65.7438,43.4932,-65.7171,"2017-09-03","2017-09-03",109,15580
26372,13688,43.4579,-65.7438,43.4932,-65.7171,"2017-09-10","2017-09-10",109,15580
26372,13688,43.4579,-65.7438,43.4932,-65.7171,"2017-09-10","2017-09-10",109,15580
26372,13688,43.4564,-65.7436,43.4932,-65.7171,"2017-09-10","2017-09-10",109,15580
26372,13688,43.4579,-65.7438,43.4932,-65.7171,"2017-09-10","2017-09-10",109,15580
26372,13688,43.4564,-65.7436,43.4932,-65.7171,"2017-09-10","2017-09-10",109,15580
26372,13688,43.4579,-65.7438,43.4932,-65.7171,"2017-09-11","2017-09-11",109,15580
26372,13688,43.4579,-65.7438,43.4932,-65.7171,"2017-09-11","2017-09-11",109,15580
26372,13688,43.4645,-65.7459,43.4932,-65.7171,"2017-09-11","2017-09-11",109,15580
26372,13688,43.4645,-65.7459,43.4932,-65.7171,"2017-09-11","2017-09-11",109,15580
26372,13688,43.4579,-65.7438,43.4932,-65.7171,"2017-09-11","2017-09-11",109,15580
26372,13688,43.4645,-65.7459,43.4932,-65.7171,"2017-09-11","2017-09-11",109,15580
26372,13688,43.4579,-65.7438,43.4932,-65.7171,"2017-09-12","2017-09-12",109,15580
26372,13688,43.4579,-65.7438,43.4932,-65.7171,"2017-09-12","2017-09-12",109,15580
26372,13688,43.4579,-65.7438,43.4932,-65.7171,"2017-09-12","2017-09-12",109,15580
26372,13688,43.4579,-65.7438,43.4932,-65.7171,"2017-09-12","2017-09-12",109,15580
26372,13688,43.4579,-65.7438,43.4932,-65.7171,"2017-09-12","2017-09-12",109,15580
26372,13688,43.4579,-65.7438,43.4932,-65.7171,"2017-09-12","2017-09-12",109,15580
26372,13688,43.4645,-65.7459,43.4932,-65.7171,"2017-09-12","2017-09-12",109,15580
26372,13688,43.4579,-65.7438,43.4932,-65.7171,"2017-09-12","2017-09-12",109,15580
26372,13688,43.4645,-65.7459,43.4932,-65.7171,"2017-09-12","2017-09-12",109,15580
26372,13688,43.4645,-65.7459,43.4932,-65.7171,"2017-09-12","2017-09-12",109,15580
26372,13688,43.4645,-65.7459,43.4932,-65.7171,"2017-09-12","2017-09-12",109,15580
26372,13688,43.4579,-65.7438,43.4932,-65.7171,"2017-09-12","2017-09-12",109,15580
26372,13688,43.4579,-65.7438,43.4932,-65.7171,"2017-09-12","2017-09-12",109,15580
26372,13688,43.4579,-65.7438,43.4932,-65.7171,"2017-09-13","2017-09-13",109,15580
26372,13688,43.4579,-65.7438,43.4932,-65.7171,"2017-09-13","2017-09-13",109,15580
26372,13688,43.4579,-65.7438,43.4932,-65.7171,"2017-09-13","2017-09-13",109,15580
26372,13688,43.4579,-65.7438,43.4932,-65.7171,"2017-09-13","2017-09-13",109,15580
26372,13688,43.4579,-65.7438,43.4932,-65.7171,"2017-09-14","2017-09-14",109,15580
26372,13688,43.4579,-65.7438,43.4932,-65.7171,"2017-09-14","2017-09-14",109,15580
26372,13688,43.4564,-65.7436,43.4932,-65.7171,"2017-09-14","2017-09-14",109,15580
26372,13688,43.4564,-65.7436,43.4932,-65.7171,"2017-09-14","2017-09-14",109,15580
26372,13688,43.4579,-65.7438,43.4932,-65.7171,"2017-09-14","2017-09-14",109,15580
26372,13688,43.4579,-65.7438,43.4932,-65.7171,"2017-09-14","2017-09-14",109,15580
26372,13688,43.4579,-65.7438,43.4932,-65.7171,"2017-09-14","2017-09-14",109,15580
26372,13688,43.4579,-65.7438,43.4932,-65.7171,"2017-09-14","2017-09-14",109,15580
26372,13688,43.4564,-65.7436,43.4932,-65.7171,"2017-09-15","2017-09-15",109,15580
26372,13688,43.4564,-65.7436,43.4932,-65.7171,"2017-09-15","2017-09-15",109,15580
26372,13688,43.4564,-65.7436,43.4932,-65.7171,"2017-09-15","2017-09-15",109,15580
26372,13688,43.4564,-65.7436,43.4932,-65.7171,"2017-09-15","2017-09-15",109,15580
26372,13688,43.4579,-65.7438,43.4932,-65.7171,"2017-09-15","2017-09-15",109,15580
26372,13688,43.4579,-65.7438,43.4596,-65.4815,"2017-09-15","2017-09-15",109,15580
26372,13688,43.4579,-65.7438,43.4596,-65.4815,"2017-09-15","2017-09-15",109,15580
26372,13688,43.4564,-65.7436,43.4596,-65.4815,"2017-09-15","2017-09-15",109,15580
26372,13688,43.4564,-65.7436,43.4596,-65.4815,"2017-09-15","2017-09-15",109,15580
26372,13688,43.4564,-65.7436,43.4596,-65.4815,"2017-09-15","2017-09-15",109,15580
26372,13688,43.4579,-65.7438,43.4596,-65.4815,"2017-09-15","2017-09-15",109,15580
26372,13688,43.4564,-65.7436,43.4596,-65.4815,"2017-09-15","2017-09-15",109,15580
26372,13688,43.4564,-65.7436,43.4596,-65.4815,"2017-09-15","2017-09-15",109,15580
26372,13688,43.4579,-65.7438,43.4596,-65.4815,"2017-09-15","2017-09-15",109,15580
26372,13688,43.4564,-65.7436,43.4596,-65.4815,"2017-09-15","2017-09-15",109,15580
26372,13688,43.4564,-65.7436,43.4596,-65.4815,"2017-09-15","2017-09-15",109,15580
26372,13688,43.4564,-65.7436,43.4596,-65.4815,"2017-09-15","2017-09-15",109,15580
26372,13688,43.4564,-65.7436,43.4596,-65.4815,"2017-09-15","2017-09-15",109,15580
26372,13688,43.4564,-65.7436,43.4596,-65.4815,"2017-09-15","2017-09-15",109,15580
26372,13688,43.4564,-65.7436,43.4596,-65.4815,"2017-09-15","2017-09-15",109,15580
26372,13688,43.4564,-65.7436,43.4596,-65.4815,"2017-09-15","2017-09-15",109,15580
26372,13688,43.4564,-65.7436,43.4596,-65.4815,"2017-09-15","2017-09-15",109,15580
26372,13688,43.4564,-65.7436,43.4596,-65.4815,"2017-09-15","2017-09-15",109,15580
26372,13688,43.4579,-65.7438,43.9247,-65.4042,"2017-09-16","2017-09-16",109,15580
26372,13688,43.9247,-65.4042,43.9859,-66.1526,"2017-09-16","2017-09-18",109,15580
26372,13688,43.9859,-66.1526,44.2754,-66.3493,"2017-09-18","2017-09-18",109,15580
26372,13688,44.2754,-66.3493,44.325,-66.1149,"2017-09-18","2017-09-18",109,15580
26372,13688,44.325,-66.1149,44.2754,-66.3493,"2017-09-18","2017-09-18",109,15580
26372,13688,44.2754,-66.3493,44.325,-66.1149,"2017-09-18","2017-09-18",109,15580
26372,13688,44.325,-66.1149,44.2754,-66.3493,"2017-09-18","2017-09-18",109,15580
26372,13688,44.2754,-66.3493,44.325,-66.1149,"2017-09-18","2017-09-18",109,15580
26372,13688,44.325,-66.1149,43.6543,-65.7628,"2017-09-18","2017-09-23",109,15580
26372,13688,43.6543,-65.7628,43.7952,-66.1556,"2017-09-23","2017-09-23",109,15580
26372,13688,43.7952,-66.1556,43.9859,-66.1526,"2017-09-23","2017-09-23",109,15580
26372,13688,43.9859,-66.1526,45.3673,-63.343,"2017-09-23","2017-09-25",109,15580
26372,13688,45.3673,-63.343,45.3338,-63.5407,"2017-09-25","2017-09-26",109,15580
26372,13688,45.3338,-63.5407,45.2499,-63.9571,"2017-09-26","2017-09-26",109,15580
26372,13688,45.2499,-63.9571,45.0841,-64.2154,"2017-09-26","2017-09-26",109,15580
26372,13688,45.0841,-64.2154,44.4035,-65.2193,"2017-09-26","2017-09-30",109,15580
26372,13688,44.4035,-65.2193,42.7804,-70.8084,"2017-09-30","2017-10-01",109,15580
26372,13688,42.7804,-70.8084,40.6328,-73.2157,"2017-10-01","2017-10-01",109,15580
26372,13688,40.6328,-73.2157,40.4296,-73.9848,"2017-10-01","2017-10-01",109,15580
26372,13688,40.4296,-73.9848,39.5091,-74.3241,"2017-10-01","2017-10-04",109,15580
26372,13688,39.5091,-74.3241,39.0284,-74.8015,"2017-10-04","2017-10-04",109,15580
26372,13688,39.0284,-74.8015,39.0533,-74.9253,"2017-10-04","2017-10-04",109,15580
26372,13688,39.0533,-74.9253,39.0284,-74.8015,"2017-10-04","2017-10-04",109,15580
26372,13688,39.0284,-74.8015,39.0533,-74.9253,"2017-10-04","2017-10-04",109,15580
26372,13688,39.0533,-74.9253,39.0284,-74.8015,"2017-10-04","2017-10-04",109,15580
26372,13688,39.0284,-74.8015,39.0533,-74.9253,"2017-10-04","2017-10-04",109,15580
26372,13688,39.0533,-74.9253,39.0284,-74.8015,"2017-10-04","2017-10-04",109,15580
26372,13688,39.0284,-74.8015,39.0533,-74.9253,"2017-10-04","2017-10-04",109,15580
26372,13688,39.0533,-74.9253,37.57369,-75.61736,"2017-10-04","2017-10-04",109,15580
26372,13688,37.57369,-75.61736,37.3214,-76.0081,"2017-10-04","2017-10-04",109,15580
26372,13688,37.3214,-76.0081,37.134,-75.9258,"2017-10-04","2017-10-04",109,15580
26372,13688,37.134,-75.9258,37.3214,-76.0081,"2017-10-04","2017-10-04",109,15580
26372,13688,37.3214,-76.0081,37.134,-75.9258,"2017-10-04","2017-10-04",109,15580
26372,13688,37.134,-75.9258,37.3214,-76.0081,"2017-10-04","2017-10-04",109,15580
26372,13688,37.3214,-76.0081,37.134,-75.9258,"2017-10-04","2017-10-04",109,15580
26372,13688,37.134,-75.9258,37.3214,-76.0081,"2017-10-04","2017-10-04",109,15580
26372,13688,37.3214,-76.0081,37.134,-75.9258,"2017-10-04","2017-10-04",109,15580
26367,13686,43.4564,-65.7436,43.4932,-65.7171,"2017-09-03","2017-09-03",109,15580
26367,13686,43.4932,-65.7171,44.4035,-65.2193,"2017-09-03","2017-09-16",109,15580
26367,13686,44.4035,-65.2193,43.9859,-66.1526,"2017-09-26","2017-09-30",109,15580
26367,13686,43.9859,-66.1526,40.4107,-76.0796,"2017-09-30","2017-10-01",109,15580
26367,13686,40.4107,-76.0796,31.1229,-81.4776,"2017-10-01","2017-10-17",109,15580
26328,13674,43.4564,-65.7436,40.1544,-75.6857,"2017-09-25","2017-10-11",109,15580
26328,13674,40.1544,-75.6857,44.0241,-79.5371,"2017-10-11","2018-04-05",109,15580
26432,13723,43.3946,-66.0146,44.0241,-79.5371,"2017-09-02","2017-09-02",109,15580
26432,13723,43.4082,-66.0209,44.325,-66.1149,"2017-09-22","2017-09-23",109,15580
26432,13723,44.325,-66.1149,44.4297,-66.1654,"2017-09-24","2017-09-24",109,15580
26432,13723,44.4297,-66.1654,42.3633,-72.5123,"2017-09-24","2017-10-02",109,15580
26432,13723,42.3633,-72.5123,42.7804,-70.8084,"2017-10-02","2017-10-03",109,15580
26432,13723,42.7804,-70.8084,32.9071,-79.6134,"2017-10-03","2017-10-17",109,15580
26432,13723,32.9071,-79.6134,29.5648,-82.265,"2017-10-17","2017-10-18",109,15580
26432,13723,29.5648,-82.265,45.4325,-65.404,"2017-10-18","2017-11-28",109,15580
26432,13723,45.4325,-65.404,44.0241,-79.5371,"2017-11-28","2017-12-27",109,15580
26432,13723,44.0241,-79.5371,40.3201,-75.9026,"2017-12-27","2018-09-05",109,15580
26387,13694,43.4645,-65.7459,44.0241,-79.5371,"2017-09-02","2017-09-02",109,15580
26387,13694,43.4645,-65.7459,44.0241,-79.5371,"2017-09-02","2017-09-02",109,15580
26387,13694,43.4579,-65.7438,40.2765,-77.2774,"2017-09-05","2017-09-05",109,15580
26387,13694,43.4564,-65.7436,40.2765,-77.2774,"2017-09-05","2017-09-05",109,15580
26387,13694,43.4579,-65.7438,40.2765,-77.2774,"2017-09-05","2017-09-05",109,15580
26387,13694,43.4564,-65.7436,44.0241,-79.5371,"2017-09-07","2017-09-07",109,15580
26387,13694,43.4579,-65.7438,43.4932,-65.7171,"2017-09-08","2017-09-08",109,15580
26387,13694,43.4579,-65.7438,43.4932,-65.7171,"2017-09-08","2017-09-08",109,15580
26387,13694,43.4579,-65.7438,43.4932,-65.7171,"2017-09-08","2017-09-08",109,15580
26387,13694,43.4579,-65.7438,43.4932,-65.7171,"2017-09-08","2017-09-08",109,15580
26387,13694,43.4579,-65.7438,43.4932,-65.7171,"2017-09-08","2017-09-08",109,15580
26387,13694,43.4579,-65.7438,43.4932,-65.7171,"2017-09-08","2017-09-08",109,15580
26387,13694,43.4579,-65.7438,43.4932,-65.7171,"2017-09-08","2017-09-08",109,15580
26387,13694,43.4579,-65.7438,43.4932,-65.7171,"2017-09-08","2017-09-08",109,15580
26387,13694,43.4579,-65.7438,43.4932,-65.7171,"2017-09-08","2017-09-08",109,15580
26387,13694,43.4579,-65.7438,43.4932,-65.7171,"2017-09-08","2017-09-08",109,15580
26387,13694,43.4579,-65.7438,43.4932,-65.7171,"2017-09-08","2017-09-08",109,15580
26387,13694,43.4579,-65.7438,43.4932,-65.7171,"2017-09-08","2017-09-08",109,15580
26387,13694,43.4579,-65.7438,43.4932,-65.7171,"2017-09-08","2017-09-08",109,15580
26387,13694,43.4579,-65.7438,43.4932,-65.7171,"2017-09-08","2017-09-08",109,15580
26387,13694,43.4579,-65.7438,43.4932,-65.7171,"2017-09-08","2017-09-08",109,15580
26387,13694,43.4579,-65.7438,43.4932,-65.7171,"2017-09-08","2017-09-08",109,15580
26387,13694,43.4579,-65.7438,43.4932,-65.7171,"2017-09-08","2017-09-08",109,15580
26387,13694,43.4579,-65.7438,43.4932,-65.7171,"2017-09-08","2017-09-08",109,15580
26387,13694,43.4579,-65.7438,43.4932,-65.7171,"2017-09-08","2017-09-08",109,15580
26387,13694,43.4579,-65.7438,43.4932,-65.7171,"2017-09-08","2017-09-08",109,15580
26387,13694,43.4579,-65.7438,43.4932,-65.7171,"2017-09-08","2017-09-08",109,15580
26387,13694,43.4579,-65.7438,43.4932,-65.7171,"2017-09-08","2017-09-08",109,15580
26387,13694,43.4579,-65.7438,43.4932,-65.7171,"2017-09-08","2017-09-08",109,15580
26387,13694,43.4579,-65.7438,44.0241,-79.5371,"2017-09-08","2017-09-10",109,15580
26387,13694,44.0241,-79.5371,43.9247,-65.4042,"2017-10-01","2017-10-02",109,15580
26387,13694,43.9247,-65.4042,43.6914,-65.2353,"2017-10-02","2017-10-11",109,15580
26387,13694,43.6914,-65.2353,NA,NA,"2017-10-11","2017-10-13",109,15580
26387,13694,NA,NA,41.2599,-72.5496,"2017-10-13","2017-10-13",109,15580
26387,13694,41.2599,-72.5496,39.2224,-75.1661,"2017-10-13","2017-10-15",109,15580
26387,13694,39.2224,-75.1661,37.3214,-76.0081,"2017-10-15","2017-10-21",109,15580
26387,13694,37.3214,-76.0081,37.134,-75.9258,"2017-10-21","2017-10-21",109,15580
26387,13694,37.134,-75.9258,37.3214,-76.0081,"2017-10-21","2017-10-21",109,15580
26387,13694,37.3214,-76.0081,37.134,-75.9258,"2017-10-21","2017-10-21",109,15580
26387,13694,37.134,-75.9258,37.3214,-76.0081,"2017-10-21","2017-10-21",109,15580
26387,13694,37.3214,-76.0081,37.134,-75.9258,"2017-10-21","2017-10-21",109,15580
26387,13694,37.134,-75.9258,37.3214,-76.0081,"2017-10-21","2017-10-21",109,15580
26387,13694,37.3214,-76.0081,37.134,-75.9258,"2017-10-21","2017-10-21",109,15580
26387,13694,37.134,-75.9258,37.3214,-76.0081,"2017-10-21","2017-10-21",109,15580
26387,13694,37.3214,-76.0081,37.134,-75.9258,"2017-10-21","2017-10-21",109,15580
26387,13694,37.134,-75.9258,37.3214,-76.0081,"2017-10-21","2017-10-21",109,15580
26387,13694,37.3214,-76.0081,37.134,-75.9258,"2017-10-21","2017-10-21",109,15580
26387,13694,37.134,-75.9258,37.3214,-76.0081,"2017-10-21","2017-10-21",109,15580
26387,13694,37.3214,-76.0081,37.134,-75.9258,"2017-10-21","2017-10-21",109,15580
26387,13694,37.134,-75.9258,37.3214,-76.0081,"2017-10-21","2017-10-21",109,15580
26387,13694,37.3214,-76.0081,37.134,-75.9258,"2017-10-21","2017-10-21",109,15580
26387,13694,37.134,-75.9258,37.3214,-76.0081,"2017-10-21","2017-10-21",109,15580
26387,13694,37.3214,-76.0081,37.134,-75.9258,"2017-10-21","2017-10-21",109,15580
26387,13694,37.134,-75.9258,37.3214,-76.0081,"2017-10-21","2017-10-21",109,15580
26387,13694,37.3214,-76.0081,37.134,-75.9258,"2017-10-21","2017-10-21",109,15580
26387,13694,37.134,-75.9258,36.6718,-75.9156,"2017-10-21","2017-10-21",109,15580
26387,13694,36.6718,-75.9156,44.0241,-79.5371,"2017-10-21","2017-11-11",109,15580
26387,13694,44.0241,-79.5371,48.1406,-69.719,"2017-12-09","2017-12-11",109,15580
26387,13694,48.1406,-69.719,28.9338,-95.3088,"2017-12-15","2017-12-17",109,15580
26387,13694,28.9338,-95.3088,44.0241,-79.5371,"2017-12-17","2017-12-17",109,15580
26387,13694,44.0241,-79.5371,48.1406,-69.719,"2017-12-17","2017-12-19",109,15580
26387,13694,48.1406,-69.719,44.0241,-79.5371,"2017-12-19","2017-12-27",109,15580
26387,13694,44.0241,-79.5371,48.1406,-69.719,"2017-12-31","2018-01-07",109,15580
26387,13694,48.1406,-69.719,42.2766,-83.067,"2018-01-07","2018-01-11",109,15580
26387,13694,42.2766,-83.067,4.36459,-74.51644,"2018-01-11","2018-01-13",109,15580
26387,13694,4.36459,-74.51644,48.1406,-69.719,"2018-01-22","2018-01-26",109,15580
26387,13694,48.1406,-69.719,43.3768,-80.3525,"2018-02-16","2018-02-21",109,15580
26387,13694,43.3768,-80.3525,48.1406,-69.719,"2018-02-21","2018-03-16",109,15580
26387,13694,48.1406,-69.719,44.0241,-79.5371,"2018-03-17","2018-03-26",109,15580
26387,13694,44.0241,-79.5371,28.9338,-95.3088,"2018-04-06","2018-04-06",109,15580
26387,13694,28.9338,-95.3088,44.0241,-79.5371,"2018-04-06","2018-04-08",109,15580
26387,13694,44.0241,-79.5371,46.843,-71.2111,"2018-04-09","2018-04-20",109,15580
26387,13694,46.843,-71.2111,47.3109,-70.1677,"2018-05-30","2018-06-19",109,15580
26387,13694,47.3109,-70.1677,42.5829,-80.3984,"2018-06-19","2018-06-23",109,15580
26387,13694,42.5829,-80.3984,43.8041,-81.7103,"2018-06-23","2018-07-02",109,15580
26387,13694,43.8041,-81.7103,40.3201,-75.9026,"2018-07-02","2018-09-05",109,15580
26387,13694,40.3201,-75.9026,45.0722,-64.4063,"2018-09-05","2018-09-08",109,15580
26387,13694,45.0722,-64.4063,48.1406,-69.719,"2018-09-08","2018-11-22",109,15580
26414,13705,43.4564,-65.7436,43.4932,-65.7171,"2017-09-07","2017-09-07",109,15580
26414,13705,43.4645,-65.7459,43.4932,-65.7171,"2017-09-07","2017-09-07",109,15580
26414,13705,43.4645,-65.7459,43.4932,-65.7171,"2017-09-07","2017-09-07",109,15580
26414,13705,43.4645,-65.7459,43.4932,-65.7171,"2017-09-07","2017-09-07",109,15580
26414,13705,43.4645,-65.7459,43.4932,-65.7171,"2017-09-07","2017-09-07",109,15580
26414,13705,43.4645,-65.7459,43.4932,-65.7171,"2017-09-07","2017-09-07",109,15580
26414,13705,43.4645,-65.7459,43.4932,-65.7171,"2017-09-07","2017-09-07",109,15580
26414,13705,43.4645,-65.7459,43.4932,-65.7171,"2017-09-07","2017-09-07",109,15580
26414,13705,43.4645,-65.7459,43.4932,-65.7171,"2017-09-07","2017-09-07",109,15580
26414,13705,43.4645,-65.7459,43.4932,-65.7171,"2017-09-07","2017-09-07",109,15580
26414,13705,43.4579,-65.7438,43.4932,-65.7171,"2017-09-07","2017-09-07",109,15580
26414,13705,43.4579,-65.7438,43.4932,-65.7171,"2017-09-07","2017-09-07",109,15580
26414,13705,43.4579,-65.7438,43.4932,-65.7171,"2017-09-07","2017-09-07",109,15580
26414,13705,43.4579,-65.7438,43.4932,-65.7171,"2017-09-07","2017-09-07",109,15580
26414,13705,43.4564,-65.7436,43.4932,-65.7171,"2017-09-07","2017-09-07",109,15580
26414,13705,43.4564,-65.7436,43.4932,-65.7171,"2017-09-07","2017-09-07",109,15580
26414,13705,43.4564,-65.7436,43.4932,-65.7171,"2017-09-07","2017-09-07",109,15580
26414,13705,43.4564,-65.7436,43.4932,-65.7171,"2017-09-07","2017-09-07",109,15580
26414,13705,43.4564,-65.7436,43.4932,-65.7171,"2017-09-07","2017-09-07",109,15580
26414,13705,43.4564,-65.7436,43.4932,-65.7171,"2017-09-07","2017-09-07",109,15580
26414,13705,43.4932,-65.7171,44.0241,-79.5371,"2017-09-07","2017-09-07",109,15580
26414,13705,44.0241,-79.5371,43.6543,-65.7628,"2017-09-17","2017-09-17",109,15580
26414,13705,43.6543,-65.7628,43.7952,-66.1556,"2017-09-17","2017-09-18",109,15580
26414,13705,43.7952,-66.1556,44.0241,-79.5371,"2017-09-18","2017-09-24",109,15580
26414,13705,44.0241,-79.5371,40.4107,-76.0796,"2017-09-28","2017-10-11",109,15580
26414,13705,40.4107,-76.0796,9.403,-79.8607,"2017-10-11","2017-10-15",109,15580
26414,13705,9.403,-79.8607,44.0241,-79.5371,"2017-10-17","2017-10-22",109,15580
26414,13705,44.0241,-79.5371,29.5635,-82.611,"2017-10-22","2017-10-24",109,15580
26414,13705,29.5635,-82.611,40.3201,-75.9026,"2017-10-24","2017-10-29",109,15580
26414,13705,40.3201,-75.9026,43.2632,-80.6549,"2017-10-29","2017-11-12",109,15580
26414,13705,43.2632,-80.6549,44.0241,-79.5371,"2017-11-12","2017-12-09",109,15580
26414,13705,44.0241,-79.5371,48.1406,-69.719,"2017-12-09","2017-12-12",109,15580
26414,13705,48.1406,-69.719,44.0241,-79.5371,"2017-12-15","2017-12-17",109,15580
26414,13705,44.0241,-79.5371,48.1406,-69.719,"2017-12-17","2017-12-19",109,15580
26414,13705,48.1406,-69.719,44.0241,-79.5371,"2017-12-19","2017-12-27",109,15580
26414,13705,44.0241,-79.5371,42.2766,-83.067,"2017-12-27","2018-01-10",109,15580
26414,13705,42.2766,-83.067,42.5829,-80.3984,"2018-01-11","2018-01-11",109,15580
26414,13705,42.5829,-80.3984,4.36459,-74.51644,"2018-01-11","2018-01-13",109,15580
26414,13705,4.36459,-74.51644,48.1406,-69.719,"2018-01-15","2018-01-17",109,15580
26414,13705,48.1406,-69.719,4.36459,-74.51644,"2018-01-17","2018-01-22",109,15580
26414,13705,4.36459,-74.51644,48.1406,-69.719,"2018-01-22","2018-01-22",109,15580
26414,13705,48.1406,-69.719,4.36459,-74.51644,"2018-01-22","2018-01-22",109,15580
26414,13705,4.36459,-74.51644,48.1406,-69.719,"2018-01-22","2018-01-26",109,15580
26414,13705,48.1406,-69.719,43.3768,-80.3525,"2018-02-02","2018-02-21",109,15580
26414,13705,43.3768,-80.3525,48.1406,-69.719,"2018-02-21","2018-03-16",109,15580
26414,13705,48.1406,-69.719,44.0241,-79.5371,"2018-03-17","2018-03-26",109,15580
26414,13705,44.0241,-79.5371,46.843,-71.2111,"2018-04-10","2018-04-20",109,15580
26414,13705,46.843,-71.2111,45.207,-64.3978,"2018-04-20","2018-05-09",109,15580
26414,13705,45.207,-64.3978,46.843,-71.2111,"2018-05-09","2018-05-19",109,15580
26414,13705,43.4564,-65.7436,43.4932,-65.7171,"2018-05-31","2018-10-15",109,15580
26414,13705,43.4932,-65.7171,41.7859,-79.9504,"2018-10-15","2018-11-07",109,15580
26414,13705,41.7859,-79.9504,41.0049,-80.2021,"2018-11-07","2018-11-15",109,15580
26414,13705,41.0049,-80.2021,48.1406,-69.719,"2018-11-15","2018-11-22",109,15580
26405,13697,43.4645,-65.7459,43.4932,-65.7171,"2017-09-03","2017-09-03",109,15580
26405,13697,43.4579,-65.7438,43.4932,-65.7171,"2017-09-03","2017-09-03",109,15580
26405,13697,43.4645,-65.7459,43.4932,-65.7171,"2017-09-03","2017-09-03",109,15580
26405,13697,43.4645,-65.7459,43.4932,-65.7171,"2017-09-03","2017-09-03",109,15580
26405,13697,43.4645,-65.7459,43.4932,-65.7171,"2017-09-03","2017-09-03",109,15580
26405,13697,43.4645,-65.7459,43.6543,-65.7628,"2017-09-03","2017-09-03",109,15580
26405,13697,43.6543,-65.7628,44.0241,-79.5371,"2017-09-03","2017-09-07",109,15580
26405,13697,44.0241,-79.5371,44.1098,-65.6817,"2017-09-07","2017-09-09",109,15580
26405,13697,44.1098,-65.6817,44.0241,-79.5371,"2017-09-09","2017-09-12",109,15580
26405,13697,44.0241,-79.5371,44.7219,-65.5425,"2017-09-12","2017-09-16",109,15580
26405,13697,44.7219,-65.5425,45.207,-64.3978,"2017-09-16","2017-09-16",109,15580
26405,13697,45.207,-64.3978,45.2499,-63.9571,"2017-09-16","2017-09-16",109,15580
26405,13697,45.2499,-63.9571,44.0241,-79.5371,"2017-09-16","2017-09-17",109,15580
26405,13697,44.0241,-79.5371,44.9058,-65.3509,"2017-09-17","2017-09-20",109,15580
26405,13697,44.9058,-65.3509,44.7219,-65.5425,"2017-09-20","2017-09-20",109,15580
26405,13697,44.7219,-65.5425,44.4297,-66.1654,"2017-09-20","2017-09-23",109,15580
26405,13697,44.4297,-66.1654,44.0241,-79.5371,"2017-09-23","2017-09-25",109,15580
26405,13697,44.0241,-79.5371,9.403,-79.8607,"2017-09-25","2017-10-15",109,15580
26405,13697,9.403,-79.8607,44.0241,-79.5371,"2017-11-09","2017-11-11",109,15580
26405,13697,44.0241,-79.5371,40.3201,-75.9026,"2017-11-12","2017-11-13",109,15580
26405,13697,40.3201,-75.9026,44.0241,-79.5371,"2017-11-13","2017-12-09",109,15580
26405,13697,44.0241,-79.5371,48.1406,-69.719,"2017-12-09","2017-12-13",109,15580
26405,13697,48.1406,-69.719,44.0241,-79.5371,"2017-12-19","2017-12-27",109,15580
26405,13697,44.0241,-79.5371,45.0722,-64.4063,"2017-12-27","2017-12-31",109,15580
26405,13697,45.0722,-64.4063,29.7694,-84.8815,"2017-12-31","2018-01-04",109,15580
26405,13697,29.7694,-84.8815,42.2766,-83.067,"2018-01-04","2018-01-10",109,15580
26405,13697,42.2766,-83.067,4.36459,-74.51644,"2018-01-11","2018-01-13",109,15580
26405,13697,4.36459,-74.51644,48.1406,-69.719,"2018-01-22","2018-01-22",109,15580
26405,13697,48.1406,-69.719,4.36459,-74.51644,"2018-01-22","2018-01-22",109,15580
26405,13697,4.36459,-74.51644,44.0241,-79.5371,"2018-01-22","2018-01-24",109,15580
26405,13697,44.0241,-79.5371,48.1406,-69.719,"2018-01-24","2018-01-26",109,15580
26405,13697,48.1406,-69.719,43.3768,-80.3525,"2018-02-02","2018-02-21",109,15580
26405,13697,43.3768,-80.3525,48.1406,-69.719,"2018-02-21","2018-03-16",109,15580
26405,13697,48.1406,-69.719,41.7859,-79.9504,"2018-03-17","2018-03-20",109,15580
26405,13697,41.7859,-79.9504,44.0241,-79.5371,"2018-03-20","2018-03-26",109,15580
26405,13697,44.0241,-79.5371,46.843,-71.2111,"2018-04-10","2018-04-20",109,15580
26405,13697,46.843,-71.2111,45.207,-64.3978,"2018-04-20","2018-05-01",109,15580
26405,13697,45.207,-64.3978,43.3136,-80.0137,"2018-05-01","2018-05-14",109,15580
26405,13697,43.3136,-80.0137,44.0241,-79.5371,"2018-05-14","2018-05-19",109,15580
26405,13697,44.0241,-79.5371,46.843,-71.2111,"2018-05-19","2018-05-19",109,15580
26405,13697,46.843,-71.2111,45.207,-64.3978,"2018-05-31","2018-06-07",109,15580
26405,13697,45.207,-64.3978,40.3201,-75.9026,"2018-06-07","2018-08-26",109,15580
26405,13697,40.3201,-75.9026,40.1636,-79.2675,"2018-08-26","2018-09-09",109,15580
26405,13697,40.1636,-79.2675,44.4834,-64.1071,"2018-09-09","2018-09-10",109,15580
26405,13697,44.4834,-64.1071,45.207,-64.3978,"2018-09-10","2018-10-25",109,15580
26405,13697,45.207,-64.3978,31.2956,-81.3435,"2018-10-25","2018-11-08",109,15580
26405,13697,31.2956,-81.3435,48.1406,-69.719,"2018-11-08","2018-11-22",109,15580
26405,13697,48.1406,-69.719,45.207,-64.3978,"2018-12-13","2018-12-18",109,15580
26405,13697,45.207,-64.3978,39.5902,-85.2258,"2018-12-18","2018-12-19",109,15580
26405,13697,39.5902,-85.2258,48.1406,-69.719,"2018-12-19","2018-12-24",109,15580
26405,13697,48.1406,-69.719,45.207,-64.3978,"2019-01-02","2019-01-03",109,15580
26405,13697,45.207,-64.3978,48.1406,-69.719,"2019-01-03","2019-01-07",109,15580
26405,13697,48.1406,-69.719,41.997,-79.7017,"2019-01-14","2019-01-15",109,15580
26405,13697,41.997,-79.7017,48.1406,-69.719,"2019-01-15","2019-01-16",109,15580
26405,13697,48.1406,-69.719,45.207,-64.3978,"2019-01-16","2019-01-17",109,15580
26405,13697,45.207,-64.3978,48.1406,-69.719,"2019-01-17","2019-01-20",109,15580
26403,13696,43.4645,-65.7459,43.4932,-65.7171,"2017-09-10","2017-09-10",109,15580
26403,13696,43.4645,-65.7459,43.4932,-65.7171,"2017-09-10","2017-09-10",109,15580
26403,13696,43.4645,-65.7459,43.4932,-65.7171,"2017-09-10","2017-09-10",109,15580
26403,13696,43.4564,-65.7436,43.4932,-65.7171,"2017-09-10","2017-09-10",109,15580
26403,13696,43.4564,-65.7436,43.6543,-65.7628,"2017-09-10","2017-09-22",109,15580
26403,13696,43.6543,-65.7628,42.7804,-70.8084,"2017-09-22","2017-09-29",109,15580
26403,13696,42.7804,-70.8084,41.2599,-72.5496,"2017-09-29","2017-10-07",109,15580
26403,13696,41.2599,-72.5496,44.0241,-79.5371,"2017-10-07","2017-12-27",109,15580
26428,13719,43.4564,-65.7436,44.0241,-79.5371,"2017-09-05","2017-09-05",109,15580
26428,13719,43.4564,-65.7436,44.0241,-79.5371,"2017-09-06","2017-09-07",109,15580
26428,13719,43.4645,-65.7459,43.1876,-81.313,"2017-10-18","2017-12-25",109,15580
26428,13719,43.1876,-81.313,44.0241,-79.5371,"2017-12-25","2017-12-27",109,15580
26428,13719,44.0241,-79.5371,48.1406,-69.719,"2018-03-26","2019-01-21",109,15580
26421,13717,43.4579,-65.7438,43.4932,-65.7171,"2017-09-08","2017-09-08",109,15580
26421,13717,43.4579,-65.7438,43.4932,-65.7171,"2017-09-08","2017-09-08",109,15580
26421,13717,43.4579,-65.7438,43.4932,-65.7171,"2017-09-08","2017-09-08",109,15580
26421,13717,43.4579,-65.7438,43.4932,-65.7171,"2017-09-08","2017-09-08",109,15580
26421,13717,43.4579,-65.7438,43.4932,-65.7171,"2017-09-08","2017-09-08",109,15580
26421,13717,43.4579,-65.7438,43.4932,-65.7171,"2017-09-08","2017-09-08",109,15580
26421,13717,43.4579,-65.7438,43.4932,-65.7171,"2017-09-08","2017-09-08",109,15580
26421,13717,43.4579,-65.7438,43.4932,-65.7171,"2017-09-08","2017-09-08",109,15580
26421,13717,43.4579,-65.7438,43.4932,-65.7171,"2017-09-08","2017-09-08",109,15580
26421,13717,43.4579,-65.7438,43.4932,-65.7171,"2017-09-08","2017-09-08",109,15580
26421,13717,43.4579,-65.7438,43.4932,-65.7171,"2017-09-08","2017-09-08",109,15580
26421,13717,43.4579,-65.7438,43.4932,-65.7171,"2017-09-08","2017-09-08",109,15580
26421,13717,43.4579,-65.7438,43.4932,-65.7171,"2017-09-08","2017-09-08",109,15580
26421,13717,43.4579,-65.7438,43.4932,-65.7171,"2017-09-08","2017-09-08",109,15580
26421,13717,43.4579,-65.7438,44.325,-66.1149,"2017-09-09","2017-09-09",109,15580
26421,13717,44.325,-66.1149,44.765,-66.7366,"2017-09-09","2017-09-09",109,15580
26421,13717,44.765,-66.7366,43.2819,-70.5817,"2017-09-09","2017-09-11",109,15580
26421,13717,43.2819,-70.5817,40.4107,-76.0796,"2017-09-11","2017-09-18",109,15580
26421,13717,40.4107,-76.0796,40.2765,-77.2774,"2017-09-18","2017-09-21",109,15580
26421,13717,40.2765,-77.2774,31.2956,-81.3435,"2017-09-21","2017-10-12",109,15580
26421,13717,31.2956,-81.3435,31.1229,-81.4776,"2017-10-12","2017-10-12",109,15580
26429,13720,43.4082,-66.0209,31.2956,-81.3435,"2017-09-08","2017-10-13",109,15580
26429,13720,31.2956,-81.3435,29.5648,-82.265,"2017-10-13","2017-10-13",109,15580
26429,13720,29.5648,-82.265,43.3768,-80.3525,"2017-10-13","2018-02-21",109,15580
26429,13720,43.3768,-80.3525,44.0241,-79.5371,"2018-02-21","2018-03-30",109,15580
26429,13720,44.0241,-79.5371,46.843,-71.2111,"2018-04-08","2018-05-19",109,15580
26429,13720,46.843,-71.2111,48.1406,-69.719,"2018-05-19","2018-11-22",109,15580
26411,13702,43.4564,-65.7436,43.4932,-65.7171,"2017-08-28","2017-08-28",109,15580
26411,13702,43.4564,-65.7436,43.4932,-65.7171,"2017-08-28","2017-08-28",109,15580
26411,13702,43.4801,-65.7573,43.4932,-65.7171,"2017-08-28","2017-08-28",109,15580
26411,13702,43.4645,-65.7459,43.4932,-65.7171,"2017-08-28","2017-08-28",109,15580
26411,13702,43.4564,-65.7436,43.4932,-65.7171,"2017-08-28","2017-08-28",109,15580
26411,13702,43.4564,-65.7436,43.4932,-65.7171,"2017-08-28","2017-08-28",109,15580
26411,13702,43.4564,-65.7436,43.4932,-65.7171,"2017-08-28","2017-08-28",109,15580
26411,13702,43.4564,-65.7436,43.4932,-65.7171,"2017-08-28","2017-08-28",109,15580
26411,13702,43.4645,-65.7459,43.4932,-65.7171,"2017-08-28","2017-08-28",109,15580
26411,13702,43.4645,-65.7459,43.4932,-65.7171,"2017-08-28","2017-08-28",109,15580
26411,13702,43.4645,-65.7459,43.4932,-65.7171,"2017-08-28","2017-08-28",109,15580
26411,13702,43.4645,-65.7459,43.4932,-65.7171,"2017-08-28","2017-08-28",109,15580
26411,13702,43.4645,-65.7459,43.4932,-65.7171,"2017-08-28","2017-08-28",109,15580
26411,13702,43.4564,-65.7436,43.4932,-65.7171,"2017-08-28","2017-08-28",109,15580
26411,13702,43.4579,-65.7438,43.4932,-65.7171,"2017-08-28","2017-08-28",109,15580
26411,13702,43.4579,-65.7438,43.4932,-65.7171,"2017-08-28","2017-08-28",109,15580
26411,13702,43.4579,-65.7438,44.5808,-65.7928,"2017-08-28","2017-08-30",109,15580
26411,13702,43.4564,-65.7436,43.8155,-64.8964,"2017-08-30","2017-09-01",109,15580
26411,13702,43.8155,-64.8964,43.6993,-65.0284,"2017-09-01","2017-09-02",109,15580
26411,13702,43.6993,-65.0284,43.9247,-65.4042,"2017-09-03","2017-09-03",109,15580
26411,13702,43.9247,-65.4042,44.1098,-65.6817,"2017-09-03","2017-09-03",109,15580
26411,13702,44.1098,-65.6817,40.4107,-76.0796,"2017-09-03","2017-09-10",109,15580
26411,13702,40.4107,-76.0796,32.9071,-79.6134,"2017-09-10","2017-09-28",109,15580
26391,13695,43.4645,-65.7459,NA,NA,"2017-10-29","2017-10-29",109,15580
26391,13695,43.4564,-65.7436,44.0241,-79.5371,"2017-12-06","2017-12-27",109,15580
26407,13699,43.4645,-65.7459,43.4932,-65.7171,"2017-09-02","2017-09-02",109,15580
26407,13699,43.4579,-65.7438,43.4932,-65.7171,"2017-09-02","2017-09-02",109,15580
26407,13699,43.4564,-65.7436,43.4932,-65.7171,"2017-09-02","2017-09-02",109,15580
26407,13699,43.4564,-65.7436,43.4932,-65.7171,"2017-09-02","2017-09-02",109,15580
26407,13699,43.4645,-65.7459,43.4932,-65.7171,"2017-09-02","2017-09-02",109,15580
26407,13699,43.4645,-65.7459,43.4932,-65.7171,"2017-09-02","2017-09-02",109,15580
26407,13699,43.4579,-65.7438,43.4932,-65.7171,"2017-09-02","2017-09-02",109,15580
26407,13699,43.4579,-65.7438,43.4932,-65.7171,"2017-09-02","2017-09-02",109,15580
26407,13699,43.4645,-65.7459,43.4932,-65.7171,"2017-09-02","2017-09-02",109,15580
26407,13699,43.4564,-65.7436,43.4932,-65.7171,"2017-09-02","2017-09-02",109,15580
26407,13699,43.4645,-65.7459,43.4932,-65.7171,"2017-09-02","2017-09-02",109,15580
26407,13699,43.4645,-65.7459,43.4932,-65.7171,"2017-09-02","2017-09-02",109,15580
26407,13699,43.4564,-65.7436,43.4932,-65.7171,"2017-09-02","2017-09-02",109,15580
26407,13699,43.4082,-66.0209,42.7804,-70.8084,"2017-09-03","2017-09-21",109,15580
26407,13699,42.7804,-70.8084,40.6328,-73.2157,"2017-09-21","2017-09-21",109,15580
26407,13699,40.6328,-73.2157,40.4296,-73.9848,"2017-09-21","2017-09-21",109,15580
26407,13699,40.4296,-73.9848,40.573745,-73.977428,"2017-09-21","2017-09-21",109,15580
26407,13699,40.573745,-73.977428,44.0241,-79.5371,"2017-09-21","2018-03-28",109,15580
26384,13693,43.4645,-65.7459,43.4932,-65.7171,"2017-08-27","2017-08-27",109,15580
26384,13693,43.4579,-65.7438,43.4932,-65.7171,"2017-08-27","2017-08-27",109,15580
26384,13693,43.4579,-65.7438,43.4932,-65.7171,"2017-08-27","2017-08-27",109,15580
26384,13693,43.4579,-65.7438,43.4932,-65.7171,"2017-10-11","2017-10-11",109,15580
26384,13693,43.4579,-65.7438,43.4932,-65.7171,"2017-10-11","2017-10-11",109,15580
26384,13693,43.4579,-65.7438,43.4932,-65.7171,"2017-10-11","2017-10-11",109,15580
26384,13693,43.4579,-65.7438,43.4932,-65.7171,"2017-10-11","2017-10-11",109,15580
26384,13693,43.4579,-65.7438,43.4932,-65.7171,"2017-10-11","2017-10-11",109,15580
26384,13693,43.4579,-65.7438,43.4932,-65.7171,"2017-10-11","2017-10-11",109,15580
26384,13693,43.4564,-65.7436,41.9147,-69.9724,"2017-10-11","2017-10-12",109,15580
26384,13693,41.9147,-69.9724,40.6328,-73.2157,"2017-10-12","2017-10-13",109,15580
26384,13693,40.6328,-73.2157,40.4296,-73.9848,"2017-10-13","2017-10-13",109,15580
26384,13693,43.4564,-65.7436,43.3768,-80.3525,"2018-06-12","2018-09-27",109,15580
26409,13700,43.4579,-65.7438,44.1098,-65.6817,"2017-09-06","2017-09-09",109,15580
26409,13700,44.1098,-65.6817,43.9859,-66.1526,"2017-09-09","2017-09-17",109,15580
26409,13700,43.9859,-66.1526,45.0585,-66.4583,"2017-09-17","2017-09-17",109,15580
26406,13698,43.4564,-65.7436,45.0841,-64.2154,"2017-09-03","2017-09-06",109,15580
26406,13698,45.0841,-64.2154,NA,NA,"2017-09-06","2017-09-06",109,15580
26406,13698,NA,NA,45.0051,-65.1185,"2017-09-07","2017-09-09",109,15580
26406,13698,45.0051,-65.1185,44.9058,-65.3509,"2017-09-09","2017-09-09",109,15580
26406,13698,44.9058,-65.3509,44.765,-66.7366,"2017-09-09","2017-09-10",109,15580
26406,13698,44.765,-66.7366,44.0241,-79.5371,"2017-09-10","2017-12-09",109,15580
25761,15588,40.135,-79.2854,4.36459,-74.51644,"2017-04-21","2017-04-22",109,15580
25761,15588,4.36459,-74.51644,44.0241,-79.5371,"2017-04-26","2017-04-26",109,15580
25761,15588,44.0241,-79.5371,4.36459,-74.51644,"2017-04-26","2017-04-26",109,15580
25761,15588,4.36459,-74.51644,44.0241,-79.5371,"2017-04-26","2017-04-26",109,15580
25761,15588,44.0241,-79.5371,4.36459,-74.51644,"2017-04-26","2017-04-26",109,15580
25761,15588,4.36459,-74.51644,44.0241,-79.5371,"2017-04-26","2017-04-26",109,15580
25761,15588,44.0241,-79.5371,4.36459,-74.51644,"2017-04-26","2017-04-26",109,15580
25761,15588,4.36459,-74.51644,44.0241,-79.5371,"2017-04-26","2017-04-26",109,15580
25761,15588,44.0241,-79.5371,4.36459,-74.51644,"2017-04-26","2017-04-26",109,15580
25761,15588,4.36459,-74.51644,29.1623,-95.8254,"2017-05-01","2017-05-04",109,15580
25761,15588,29.1623,-95.8254,4.36459,-74.51644,"2017-05-04","2017-05-04",109,15580
25761,15588,4.36459,-74.51644,44.0241,-79.5371,"2017-06-06","2017-06-07",109,15580
25761,15588,44.0241,-79.5371,48.6177,-69.0994,"2017-06-07","2017-06-11",109,15580
25761,15588,48.6177,-69.0994,44.0241,-79.5371,"2017-06-11","2017-06-13",109,15580
25761,15588,44.0241,-79.5371,4.36459,-74.51644,"2017-06-13","2017-06-16",109,15580
25761,15588,4.36459,-74.51644,44.0241,-79.5371,"2017-06-18","2017-06-27",109,15580
25761,15588,44.0241,-79.5371,44.4834,-64.1071,"2017-07-09","2017-07-10",109,15580
25761,15588,44.4834,-64.1071,NA,NA,"2017-07-10","2017-07-12",109,15580
25761,15588,NA,NA,44.0241,-79.5371,"2017-07-12","2017-07-17",109,15580
25761,15588,44.0241,-79.5371,40.3201,-75.9026,"2017-07-28","2017-07-29",109,15580
25761,15588,40.3201,-75.9026,44.0241,-79.5371,"2017-07-29","2017-07-31",109,15580
25761,15588,44.0241,-79.5371,44.765,-66.7366,"2017-08-01","2017-08-01",109,15580
25761,15588,44.765,-66.7366,40.2765,-77.2774,"2017-08-01","2017-08-05",109,15580
25761,15588,40.2765,-77.2774,41.7859,-79.9504,"2017-08-05","2017-08-05",109,15580
25761,15588,43.4564,-65.7436,44.0241,-79.5371,"2017-08-27","2017-09-02",109,15580
25761,15588,44.0241,-79.5371,9.403,-79.8607,"2017-09-17","2017-10-19",109,15580
25761,15588,9.403,-79.8607,40.3201,-75.9026,"2017-10-19","2017-10-29",109,15580
25761,15588,40.3201,-75.9026,44.0241,-79.5371,"2017-10-29","2017-11-11",109,15580
25761,15588,44.0241,-79.5371,40.3201,-75.9026,"2017-11-12","2017-11-13",109,15580
25761,15588,40.3201,-75.9026,44.0241,-79.5371,"2017-11-13","2017-11-26",109,15580
25761,15588,44.0241,-79.5371,48.1406,-69.719,"2017-12-09","2017-12-13",109,15580
25761,15588,48.1406,-69.719,44.0241,-79.5371,"2017-12-13","2017-12-14",109,15580
25761,15588,44.0241,-79.5371,48.1406,-69.719,"2017-12-14","2017-12-15",109,15580
26444,13735,43.4082,-66.0209,43.7952,-66.1556,"2017-08-23","2017-08-23",109,15580
26444,13735,43.7952,-66.1556,44.7219,-65.5425,"2017-08-23","2017-08-27",109,15580
26444,13735,44.7219,-65.5425,44.9058,-65.3509,"2017-08-27","2017-08-27",109,15580
26444,13735,44.9058,-65.3509,45.0051,-65.1185,"2017-08-28","2017-08-28",109,15580
26444,13735,45.0051,-65.1185,45.1449,-64.7439,"2017-09-03","2017-09-05",109,15580
26444,13735,45.1449,-64.7439,45.207,-64.3978,"2017-09-05","2017-09-06",109,15580
26444,13735,45.207,-64.3978,NA,NA,"2017-09-07","2017-09-07",109,15580
26444,13735,NA,NA,45.207,-64.3978,"2017-09-07","2017-09-07",109,15580
26444,13735,45.207,-64.3978,NA,NA,"2017-09-07","2017-09-07",109,15580
26444,13735,NA,NA,45.207,-64.3978,"2017-09-07","2017-09-07",109,15580
26444,13735,45.207,-64.3978,NA,NA,"2017-09-07","2017-09-07",109,15580
26444,13735,NA,NA,45.207,-64.3978,"2017-09-07","2017-09-07",109,15580
26444,13735,45.207,-64.3978,NA,NA,"2017-09-07","2017-09-07",109,15580
26444,13735,NA,NA,45.207,-64.3978,"2017-09-07","2017-09-07",109,15580
26444,13735,45.207,-64.3978,NA,NA,"2017-09-07","2017-09-07",109,15580
26444,13735,NA,NA,45.207,-64.3978,"2017-09-07","2017-09-07",109,15580
26444,13735,45.207,-64.3978,NA,NA,"2017-09-07","2017-09-07",109,15580
26444,13735,NA,NA,45.207,-64.3978,"2017-09-07","2017-09-07",109,15580
26444,13735,45.207,-64.3978,45.0051,-65.1185,"2017-09-07","2017-09-08",109,15580
26444,13735,45.0051,-65.1185,44.9058,-65.3509,"2017-09-08","2017-09-09",109,15580
26444,13735,44.9058,-65.3509,45.1257,-67.2661,"2017-09-09","2017-09-17",109,15580
26444,13735,45.1257,-67.2661,40.6815,-77.7386,"2017-09-17","2017-09-23",109,15580
26444,13735,40.6815,-77.7386,29.7694,-84.8815,"2017-09-23","2017-10-17",109,15580
26444,13735,29.7694,-84.8815,44.0241,-79.5371,"2017-10-17","2017-12-27",109,15580
26435,13726,43.4082,-66.0209,43.7952,-66.1556,"2017-09-03","2017-09-03",109,15580
26435,13726,43.7952,-66.1556,43.9859,-66.1526,"2017-09-03","2017-09-03",109,15580
26435,13726,43.9859,-66.1526,44.325,-66.1149,"2017-09-03","2017-09-03",109,15580
26435,13726,43.4564,-65.7436,44.4297,-66.1654,"2017-09-20","2017-10-01",109,15580
26435,13726,44.4297,-66.1654,44.765,-66.7366,"2017-10-01","2017-10-01",109,15580
26435,13726,44.765,-66.7366,42.7804,-70.8084,"2017-10-01","2017-10-06",109,15580
26435,13726,42.7804,-70.8084,40.4107,-76.0796,"2017-10-07","2017-10-13",109,15580
26435,13726,40.4107,-76.0796,40.2765,-77.2774,"2017-10-13","2017-10-13",109,15580
26435,13726,40.2765,-77.2774,44.0241,-79.5371,"2017-10-13","2017-12-27",109,15580
26435,13726,44.0241,-79.5371,44.4116,-67.9046,"2018-03-26","2018-05-25",109,15580
26436,13727,43.4114,-66.0092,43.6543,-65.7628,"2017-08-24","2017-08-24",109,15580
26436,13727,43.4645,-65.7459,44.4297,-66.1654,"2017-08-30","2017-09-10",109,15580
26436,13727,44.4297,-66.1654,43.2819,-70.5817,"2017-09-10","2017-09-10",109,15580
26436,13727,43.2819,-70.5817,43.3351,-70.5492,"2017-09-10","2017-09-10",109,15580
26436,13727,43.3351,-70.5492,43.2819,-70.5817,"2017-09-10","2017-09-10",109,15580
26436,13727,43.2819,-70.5817,43.3351,-70.5492,"2017-09-10","2017-09-10",109,15580
26436,13727,43.3351,-70.5492,43.2819,-70.5817,"2017-09-10","2017-09-10",109,15580
26436,13727,43.2819,-70.5817,43.3351,-70.5492,"2017-09-10","2017-09-10",109,15580
26436,13727,43.3351,-70.5492,43.2819,-70.5817,"2017-09-10","2017-09-10",109,15580
26436,13727,43.2819,-70.5817,43.3351,-70.5492,"2017-09-10","2017-09-10",109,15580
26436,13727,43.3351,-70.5492,42.0326,-72.6,"2017-09-10","2017-09-10",109,15580
26436,13727,42.0326,-72.6,42.7804,-70.8084,"2017-09-10","2017-09-11",109,15580
26436,13727,42.7804,-70.8084,40.4326,-77.648,"2017-09-11","2017-09-12",109,15580
26436,13727,40.4326,-77.648,41.3181,-78.7674,"2017-09-12","2017-09-26",109,15580
26436,13727,41.3181,-78.7674,27.6228,-82.7139,"2017-09-26","2017-10-14",109,15580
26436,13727,27.6228,-82.7139,43.3768,-80.3525,"2017-10-14","2018-09-28",109,15580
26438,13729,43.4564,-65.7436,44.7219,-65.5425,"2017-08-30","2017-09-03",109,15580
26438,13729,44.7219,-65.5425,42.3605,-72.5073,"2017-09-08","2017-09-16",109,15580
26438,13729,42.3605,-72.5073,40.3201,-75.9026,"2017-09-16","2017-09-20",109,15580
26438,13729,40.3201,-75.9026,39.8114,-79.691,"2017-09-20","2017-09-26",109,15580
26438,13729,39.8114,-79.691,29.7694,-84.8815,"2017-09-28","2017-10-16",109,15580
26437,13728,43.4082,-66.0209,43.9859,-66.1526,"2017-09-15","2017-09-16",109,15580
26437,13728,43.9859,-66.1526,45.1257,-67.2661,"2017-09-16","2017-09-16",109,15580
26437,13728,45.1257,-67.2661,40.6328,-73.2157,"2017-09-16","2017-09-21",109,15580
26437,13728,40.6328,-73.2157,40.4296,-73.9848,"2017-09-21","2017-09-21",109,15580
26437,13728,40.4296,-73.9848,40.3201,-75.9026,"2017-09-21","2017-09-21",109,15580
26437,13728,40.3201,-75.9026,40.4107,-76.0796,"2017-09-22","2017-09-26",109,15580
26437,13728,40.4107,-76.0796,30.088,-84.1628,"2017-09-26","2018-04-25",109,15580
26437,13728,30.088,-84.1628,43.2819,-70.5816,"2018-04-25","2018-05-08",109,15580
26437,13728,43.2819,-70.5816,43.3351,-70.5492,"2018-05-08","2018-05-08",109,15580
26437,13728,43.3351,-70.5492,43.2819,-70.5816,"2018-05-08","2018-05-08",109,15580
26437,13728,43.2819,-70.5816,43.3351,-70.5492,"2018-05-08","2018-05-08",109,15580
26437,13728,43.3351,-70.5492,43.2819,-70.5816,"2018-05-08","2018-05-08",109,15580
26437,13728,43.2819,-70.5816,43.3351,-70.5492,"2018-05-08","2018-05-08",109,15580
26437,13728,43.3351,-70.5492,43.2819,-70.5816,"2018-05-08","2018-05-08",109,15580
26437,13728,43.2819,-70.5816,43.3351,-70.5492,"2018-05-08","2018-05-08",109,15580
26437,13728,43.3351,-70.5492,43.2819,-70.5816,"2018-05-08","2018-05-08",109,15580
26437,13728,43.2819,-70.5816,43.3351,-70.5492,"2018-05-08","2018-05-08",109,15580
26437,13728,43.3351,-70.5492,43.2819,-70.5816,"2018-05-08","2018-05-08",109,15580
26437,13728,43.2819,-70.5816,43.3351,-70.5492,"2018-05-08","2018-05-08",109,15580
26437,13728,43.3351,-70.5492,43.2819,-70.5816,"2018-05-08","2018-05-08",109,15580
26437,13728,43.2819,-70.5816,43.3351,-70.5492,"2018-05-08","2018-05-08",109,15580
26437,13728,43.3351,-70.5492,44.4116,-67.9046,"2018-05-08","2018-05-10",109,15580
26443,13734,43.4114,-66.0092,48.2103,-71.2399,"2017-08-19","2017-08-19",109,15580
26443,13734,43.4082,-66.0209,43.7952,-66.1556,"2017-09-13","2017-09-14",109,15580
26443,13734,43.7952,-66.1556,41.1121,-73.3305,"2017-09-14","2017-10-11",109,15580
26443,13734,41.1121,-73.3305,41.1894,-72.163,"2017-10-11","2017-10-11",109,15580
26443,13734,41.1894,-72.163,NA,NA,"2017-10-11","2017-10-11",109,15580
26443,13734,NA,NA,41.1894,-72.163,"2017-10-11","2017-10-11",109,15580
26443,13734,41.1894,-72.163,40.4296,-73.9848,"2017-10-11","2017-10-11",109,15580
26443,13734,40.4296,-73.9848,40.573745,-73.977428,"2017-10-11","2017-10-11",109,15580
26443,13734,40.573745,-73.977428,40.4296,-73.9848,"2017-10-11","2017-10-11",109,15580
26443,13734,40.4296,-73.9848,40.573745,-73.977428,"2017-10-11","2017-10-11",109,15580
26443,13734,40.573745,-73.977428,40.4296,-73.9848,"2017-10-11","2017-10-11",109,15580
26443,13734,40.4296,-73.9848,40.573745,-73.977428,"2017-10-11","2017-10-11",109,15580
26443,13734,40.573745,-73.977428,40.4296,-73.9848,"2017-10-11","2017-10-11",109,15580
26443,13734,40.4296,-73.9848,40.573745,-73.977428,"2017-10-11","2017-10-11",109,15580
26443,13734,40.573745,-73.977428,40.4296,-73.9848,"2017-10-11","2017-10-11",109,15580
26443,13734,40.4296,-73.9848,40.573745,-73.977428,"2017-10-11","2017-10-11",109,15580
26443,13734,40.573745,-73.977428,40.4296,-73.9848,"2017-10-11","2017-10-11",109,15580
26443,13734,40.4296,-73.9848,40.573745,-73.977428,"2017-10-11","2017-10-11",109,15580
26443,13734,40.573745,-73.977428,40.4296,-73.9848,"2017-10-11","2017-10-11",109,15580
26443,13734,40.4296,-73.9848,40.573745,-73.977428,"2017-10-11","2017-10-11",109,15580
26443,13734,40.573745,-73.977428,40.4296,-73.9848,"2017-10-11","2017-10-11",109,15580
26443,13734,40.4296,-73.9848,40.573745,-73.977428,"2017-10-11","2017-10-11",109,15580
26443,13734,40.573745,-73.977428,40.4296,-73.9848,"2017-10-11","2017-10-11",109,15580
26443,13734,40.4296,-73.9848,40.573745,-73.977428,"2017-10-11","2017-10-11",109,15580
26443,13734,40.573745,-73.977428,40.4296,-73.9848,"2017-10-11","2017-10-11",109,15580
26443,13734,40.4296,-73.9848,40.573745,-73.977428,"2017-10-11","2017-10-11",109,15580
26443,13734,40.573745,-73.977428,40.4296,-73.9848,"2017-10-11","2017-10-11",109,15580
26443,13734,40.4296,-73.9848,40.573745,-73.977428,"2017-10-11","2017-10-11",109,15580
26443,13734,40.573745,-73.977428,40.4296,-73.9848,"2017-10-11","2017-10-11",109,15580
26443,13734,40.4296,-73.9848,40.573745,-73.977428,"2017-10-11","2017-10-11",109,15580
26443,13734,40.573745,-73.977428,40.4296,-73.9848,"2017-10-11","2017-10-11",109,15580
26433,13724,43.4082,-66.0209,43.9859,-66.1526,"2017-09-06","2017-09-07",109,15580
26433,13724,43.9859,-66.1526,44.325,-66.1149,"2017-09-10","2017-09-12",109,15580
26433,13724,44.325,-66.1149,40.4107,-76.0796,"2017-09-12","2017-10-03",109,15580
26433,13724,40.4107,-76.0796,40.4326,-77.648,"2017-10-03","2017-10-04",109,15580
26433,13724,40.4326,-77.648,40.6815,-77.7386,"2017-10-04","2017-10-04",109,15580
26441,13732,43.4114,-66.0092,44.4035,-65.2193,"2017-08-25","2017-09-13",109,15580
26441,13732,44.4035,-65.2193,NA,NA,"2017-09-13","2017-09-14",109,15580
26441,13732,NA,NA,45.5952,-64.7806,"2017-09-14","2017-09-15",109,15580
26441,13732,45.5952,-64.7806,48.1591,-69.6623,"2017-09-15","2017-09-18",109,15580
26441,13732,48.1591,-69.6623,40.4107,-76.0796,"2017-09-18","2017-10-02",109,15580
26441,13732,40.4107,-76.0796,45.0722,-64.4063,"2017-10-02","2018-05-18",109,15580
26441,13732,45.0722,-64.4063,43.3351,-70.5492,"2018-05-18","2018-05-25",109,15580
26442,13733,43.4114,-66.0092,43.7952,-66.1556,"2017-08-29","2017-08-29",109,15580
26442,13733,43.7952,-66.1556,43.9859,-66.1526,"2017-08-29","2017-08-29",109,15580
26442,13733,43.9859,-66.1526,44.325,-66.1149,"2017-08-29","2017-08-29",109,15580
26442,13733,44.325,-66.1149,44.2754,-66.3493,"2017-08-29","2017-08-29",109,15580
26442,13733,44.2754,-66.3493,44.325,-66.1149,"2017-08-29","2017-08-29",109,15580
26442,13733,44.325,-66.1149,44.2754,-66.3493,"2017-08-29","2017-08-29",109,15580
26442,13733,44.2754,-66.3493,44.325,-66.1149,"2017-08-29","2017-08-29",109,15580
26442,13733,44.325,-66.1149,44.2754,-66.3493,"2017-08-29","2017-08-29",109,15580
26442,13733,44.2754,-66.3493,44.325,-66.1149,"2017-08-29","2017-08-29",109,15580
26442,13733,44.325,-66.1149,44.2754,-66.3493,"2017-08-29","2017-08-29",109,15580
26442,13733,44.2754,-66.3493,44.325,-66.1149,"2017-08-29","2017-08-29",109,15580
26442,13733,44.325,-66.1149,44.2754,-66.3493,"2017-08-29","2017-08-29",109,15580
26442,13733,44.2754,-66.3493,44.325,-66.1149,"2017-08-29","2017-08-29",109,15580
26442,13733,44.325,-66.1149,44.2754,-66.3493,"2017-08-29","2017-08-29",109,15580
26442,13733,44.2754,-66.3493,44.325,-66.1149,"2017-08-29","2017-08-29",109,15580
26442,13733,44.325,-66.1149,44.2754,-66.3493,"2017-08-29","2017-08-29",109,15580
26442,13733,44.2754,-66.3493,44.325,-66.1149,"2017-08-29","2017-08-29",109,15580
26442,13733,44.325,-66.1149,44.2754,-66.3493,"2017-08-29","2017-08-29",109,15580
26442,13733,44.2754,-66.3493,44.325,-66.1149,"2017-08-29","2017-08-29",109,15580
26442,13733,44.325,-66.1149,44.2754,-66.3493,"2017-08-29","2017-08-29",109,15580
26442,13733,44.2754,-66.3493,44.325,-66.1149,"2017-08-29","2017-08-29",109,15580
26442,13733,44.325,-66.1149,44.2754,-66.3493,"2017-08-29","2017-08-29",109,15580
26442,13733,44.2754,-66.3493,44.325,-66.1149,"2017-08-29","2017-08-29",109,15580
26442,13733,44.325,-66.1149,44.2754,-66.3493,"2017-08-29","2017-08-29",109,15580
26442,13733,44.2754,-66.3493,44.325,-66.1149,"2017-08-29","2017-08-29",109,15580
26442,13733,44.325,-66.1149,44.2754,-66.3493,"2017-08-29","2017-08-29",109,15580
26442,13733,44.2754,-66.3493,44.325,-66.1149,"2017-08-29","2017-08-29",109,15580
26442,13733,44.325,-66.1149,44.2754,-66.3493,"2017-08-29","2017-08-29",109,15580
26442,13733,44.2754,-66.3493,44.325,-66.1149,"2017-08-29","2017-08-29",109,15580
26434,13725,43.4082,-66.0209,43.6543,-65.7628,"2017-09-04","2017-09-05",109,15580
26434,13725,43.6543,-65.7628,44.325,-66.1149,"2017-09-05","2017-09-20",109,15580
26434,13725,44.325,-66.1149,44.765,-66.7366,"2017-09-20","2017-09-20",109,15580
26434,13725,44.765,-66.7366,45.1257,-67.2661,"2017-09-20","2017-09-20",109,15580
26434,13725,45.1257,-67.2661,40.2765,-77.2774,"2017-09-20","2017-09-23",109,15580
26434,13725,40.2765,-77.2774,40.179,-79.2733,"2017-09-23","2017-09-26",109,15580
26412,15137,43.4645,-65.7459,43.4932,-65.7171,"2017-09-05","2017-09-05",109,15580
26412,15137,43.4645,-65.7459,43.4932,-65.7171,"2017-09-05","2017-09-05",109,15580
26412,15137,43.4564,-65.7436,43.4932,-65.7171,"2017-09-05","2017-09-05",109,15580
26412,15137,43.4564,-65.7436,43.4932,-65.7171,"2017-09-05","2017-09-05",109,15580
26412,15137,43.4645,-65.7459,43.4932,-65.7171,"2017-09-05","2017-09-05",109,15580
26412,15137,43.4579,-65.7438,43.4932,-65.7171,"2017-09-05","2017-09-05",109,15580
26412,15137,43.4579,-65.7438,43.4932,-65.7171,"2017-09-05","2017-09-05",109,15580
26412,15137,43.4579,-65.7438,43.4932,-65.7171,"2017-09-05","2017-09-05",109,15580
26412,15137,43.4579,-65.7438,43.6543,-65.7628,"2017-09-12","2017-09-15",109,15580
26412,15137,43.6543,-65.7628,43.7952,-66.1556,"2017-09-15","2017-09-16",109,15580
26412,15137,43.7952,-66.1556,44.765,-66.7366,"2017-09-16","2017-09-16",109,15580
26412,15137,44.765,-66.7366,40.6328,-73.2157,"2017-09-16","2017-09-18",109,15580
26412,15137,40.6328,-73.2157,40.573745,-73.977428,"2017-09-18","2017-09-18",109,15580
26412,15137,40.573745,-73.977428,40.4296,-73.9848,"2017-09-18","2017-09-18",109,15580
21747,15189,43.4564,-65.7436,43.7952,-66.1556,"2017-09-12","2017-09-21",109,15580
21747,15189,43.7952,-66.1556,42.0326,-72.6,"2017-09-21","2017-09-21",109,15580
21747,15189,42.0326,-72.6,43.2819,-70.5817,"2017-09-21","2017-09-21",109,15580
21747,15189,43.2819,-70.5817,43.3351,-70.5492,"2017-09-21","2017-09-21",109,15580
21747,15189,43.3351,-70.5492,43.2819,-70.5817,"2017-09-21","2017-09-21",109,15580
21747,15189,43.2819,-70.5817,43.3351,-70.5492,"2017-09-21","2017-09-21",109,15580
21747,15189,43.3351,-70.5492,43.2819,-70.5817,"2017-09-21","2017-09-21",109,15580
21747,15189,43.2819,-70.5817,43.3351,-70.5492,"2017-09-21","2017-09-21",109,15580
21747,15189,43.3351,-70.5492,43.2819,-70.5817,"2017-09-21","2017-09-21",109,15580
21747,15189,43.2819,-70.5817,43.3351,-70.5492,"2017-09-21","2017-09-21",109,15580
21747,15189,43.3351,-70.5492,43.2819,-70.5817,"2017-09-21","2017-09-21",109,15580
21747,15189,43.2819,-70.5817,43.3351,-70.5492,"2017-09-21","2017-09-21",109,15580
21747,15189,43.3351,-70.5492,43.2819,-70.5817,"2017-09-21","2017-09-21",109,15580
21747,15189,43.2819,-70.5817,43.3351,-70.5492,"2017-09-21","2017-09-21",109,15580
21747,15189,43.3351,-70.5492,43.2819,-70.5817,"2017-09-21","2017-09-21",109,15580
21747,15189,43.2819,-70.5817,43.3351,-70.5492,"2017-09-21","2017-09-21",109,15580
21747,15189,43.3351,-70.5492,43.2819,-70.5817,"2017-09-21","2017-09-21",109,15580
21747,15189,43.2819,-70.5817,43.3351,-70.5492,"2017-09-21","2017-09-21",109,15580
21747,15189,43.3351,-70.5492,43.2819,-70.5817,"2017-09-21","2017-09-21",109,15580
21747,15189,43.2819,-70.5817,43.3351,-70.5492,"2017-09-21","2017-09-21",109,15580
21747,15189,43.3351,-70.5492,42.7804,-70.8084,"2017-09-21","2017-09-21",109,15580
21747,15189,42.7804,-70.8084,42.396,-72.5174,"2017-09-21","2017-09-21",109,15580
21747,15189,42.396,-72.5174,40.4107,-76.0796,"2017-09-21","2017-09-23",109,15580
21747,15189,40.4107,-76.0796,40.2765,-77.2774,"2017-09-23","2017-09-23",109,15580
21747,15189,40.2765,-77.2774,49.734,-97.1317,"2017-09-23","2018-07-07",109,15580
