stationID,date
9776,2014-11-25 23:59:00.000
9781,2021-05-15 12:00:00.000
9815,2019-06-21 22:00:00.000
9822,2017-10-03 19:43:42.000
9823,2017-04-15 00:00:00.000
9824,2019-11-13 15:40:05.717
9825,2015-12-02 00:00:00.000
9826,2018-04-17 23:59:00.000
9827,2020-04-29 08:41:07.573
9828,2021-09-15 20:53:46.737
9829,2014-03-13 23:59:00.000
9830,2022-04-28 00:00:00.000
9831,2018-05-08 23:59:00.000
9832,2020-05-20 10:59:26.193
9833,2022-05-21 07:52:55.063
9834,2020-11-05 13:00:00.000
9835,2015-01-08 11:08:33.693
9836,2022-05-21 07:04:10.000
9837,2022-04-25 17:52:45.870
9838,2022-04-05 11:17:44.270
9839,2019-05-26 06:14:20.963
9840,2019-05-26 16:02:14.950
9841,2021-03-20 14:35:20.897
9842,2019-08-30 13:41:21.220
9843,2022-05-21 07:54:08.217
9844,2022-05-15 23:49:07.567
9845,2022-05-16 01:40:32.540
9846,2021-06-14 10:00:00.000
9847,2017-11-08 12:25:34.553
9848,2022-05-21 07:06:11.000
9849,2018-11-13 11:42:00.000
9850,2021-05-11 00:38:55.067
9851,2018-09-20 13:26:36.940
9852,2021-05-12 13:52:07.373
9853,2021-05-24 00:00:00.000
9854,2021-06-14 00:00:00.000
9855,2021-06-06 00:00:00.000
9856,2018-10-18 23:59:00.000
9857,2022-04-26 19:51:10.677
9858,2022-05-19 16:09:53.440
9859,2022-04-29 20:25:16.850
9860,2021-07-29 13:41:30.983
9861,2022-05-21 07:44:11.867
9862,2018-09-18 23:59:00.000
9863,2018-09-18 23:59:00.000
9864,2018-09-18 23:59:00.000
9865,2018-09-19 23:59:00.000
9866,2021-12-14 09:21:15.213
9867,2021-12-20 14:35:03.657
9868,2018-08-22 06:20:58.000
9869,2018-10-10 03:22:33.653
9870,2018-11-14 02:36:59.587
9871,2018-10-31 23:59:00.000
9872,2022-05-21 07:56:11.463
9873,2021-01-18 13:22:34.607
9874,2022-05-21 08:08:46.817
9875,2021-09-20 20:24:34.000
9876,2022-05-16 00:57:38.000
9877,2022-05-21 08:19:17.257
9878,2018-11-13 16:00:00.000
9880,2018-11-11 08:00:00.000
9881,2018-11-10 12:00:00.000
9882,2018-11-09 22:08:19.277
9883,2018-11-10 04:00:00.000
9884,2018-11-10 04:00:00.000
9885,2018-09-06 14:07:25.940
9886,2019-06-07 15:25:14.250
9887,2018-11-16 13:46:18.620
9888,2018-12-14 06:34:53.180
9889,2022-04-05 19:42:18.513
9890,2022-05-15 21:35:38.677
9891,2019-01-15 09:02:33.123
9892,2021-12-22 19:41:15.460
9893,2022-01-03 21:47:33.677
9894,2022-05-10 00:12:47.443
9895,2018-10-20 23:59:00.000
9896,2018-05-15 23:59:00.000
9897,2019-02-14 21:38:41.323
9899,2022-05-21 08:29:07.183
9900,2020-01-19 00:00:00.000
9901,2020-01-15 16:45:32.850
9902,2022-05-21 05:11:24.833
9903,2022-04-19 13:20:25.000
9904,2021-10-26 20:03:24.407
9905,2015-06-08 13:30:00.000
9906,2014-08-07 00:00:00.000
9907,2021-10-20 17:50:05.567
9908,2016-06-28 23:59:00.000
9909,2016-04-29 08:40:00.000
9910,2016-04-29 15:43:00.000
9911,2017-10-03 14:00:00.000
9912,2022-05-21 06:46:40.657
9913,2022-02-06 14:55:41.960
9914,2016-05-19 00:00:00.000
9915,2022-05-21 08:24:52.000
9916,2019-02-07 07:00:00.000
9917,2020-07-30 05:06:00.000
9918,2020-09-02 21:15:21.690
9919,2019-04-05 15:57:17.153
9920,2022-05-10 16:30:22.000
9921,2021-04-28 06:32:17.467
9922,2017-08-18 18:14:50.750
9923,2019-12-16 00:23:42.760
9924,2019-04-26 13:16:36.107
9925,2019-03-18 17:00:00.000
9926,2022-05-10 18:43:07.673
9927,2022-04-15 15:00:40.290
9928,2019-03-29 17:00:00.000
9929,2019-03-29 17:00:00.000
9930,2019-06-27 12:30:00.000
9931,2019-03-29 17:00:00.000
9932,2019-03-29 23:59:00.000
9933,2020-06-22 18:44:30.680
9934,2021-09-17 08:45:42.323
9935,2020-03-09 23:09:03.557
9936,2021-09-16 19:00:06.000
9937,2020-02-04 07:55:12.000
9938,2022-05-21 07:43:03.327
9939,2021-05-12 22:38:02.907
9940,2019-06-22 22:00:00.000
9941,2019-01-23 08:30:55.847
9942,2020-08-28 23:59:00.000
9943,2019-05-07 19:46:14.000
9944,2019-05-11 12:00:00.000
9945,2022-05-21 09:07:43.253
9946,2021-08-03 17:00:00.000
9947,2021-03-28 19:31:19.000
9948,2022-05-21 07:58:56.497
9949,2022-05-11 21:51:37.367
9950,2022-05-21 07:58:42.540
9951,2019-05-09 23:59:00.000
9952,2020-02-05 04:44:44.000
9953,2020-02-04 07:15:09.000
9954,2021-09-01 23:09:30.313
9955,2022-01-28 15:44:59.520
9956,2019-05-06 12:00:00.000
9957,2019-05-11 12:00:00.000
9958,2019-10-02 22:00:00.000
9959,2022-05-21 09:10:37.000
9960,2022-05-21 07:10:16.243
9961,2019-09-21 17:51:03.330
9962,2021-10-26 18:31:36.107
9963,2019-09-17 17:00:00.000
9964,2019-09-18 13:00:00.000
9965,2019-09-17 18:00:00.000
9966,2019-06-18 10:54:17.000
9967,2019-05-16 20:53:00.000
9968,2019-05-16 14:50:00.000
9969,2019-05-17 07:25:00.000
9970,2019-05-17 08:36:00.000
9971,2019-11-23 00:00:00.000
9972,2021-10-22 20:25:59.480
9973,2019-09-07 21:18:08.573
9974,2021-01-02 02:55:19.187
9975,2022-05-21 07:34:09.773
9976,2019-08-07 12:00:00.000
9977,2021-10-24 00:55:49.000
9978,2019-08-07 18:00:00.000
9979,2019-07-08 06:10:00.000
9980,2019-07-08 07:30:00.000
9981,2022-04-22 15:04:22.320
9983,2019-08-06 17:40:39.793
9984,2019-09-28 00:05:23.243
9985,2022-03-11 14:48:58.477
9986,2021-07-09 23:08:05.280
9987,2022-02-02 14:20:12.627
9988,2022-03-14 03:34:49.467
9989,2022-03-13 19:17:59.000
9990,2021-12-23 10:17:09.000
9991,2022-03-09 21:17:48.837
9992,2022-03-13 17:37:53.153
9994,2022-05-21 09:51:48.220
9995,2019-08-23 23:59:00.000
9996,2022-04-12 19:16:17.000
9997,2019-09-21 07:16:40.000
9998,2022-04-28 16:40:00.000
9999,2022-05-21 07:37:04.293
10000,2015-09-29 23:59:00.000
10001,2016-12-07 00:00:00.000
10002,2022-05-18 11:34:17.300
10003,2022-05-21 09:08:27.973
10004,2022-01-14 11:27:00.813
10005,2020-07-16 18:43:39.797
10006,2017-11-01 10:02:15.010
10007,2018-04-26 23:59:00.000
10008,2016-06-15 13:43:00.000
10009,2022-05-21 08:57:57.163
10010,2019-11-20 10:30:00.000
10011,2021-04-02 19:17:34.720
10012,2019-12-10 13:02:12.043
10013,2022-04-26 15:33:48.000
10014,2022-01-15 04:14:59.583
10015,2019-12-12 00:07:36.743
10016,2020-02-19 20:31:43.243
10017,2020-02-21 16:30:00.000
10018,2020-02-06 08:07:54.000
10019,2020-01-11 08:30:00.000
10020,2019-09-10 14:00:00.000
10021,2021-09-06 16:44:45.487
10022,2021-08-18 20:33:30.940
10023,2020-01-15 10:00:00.000
10024,2022-03-09 22:46:16.000
10025,2019-09-10 14:00:00.000
10026,2020-03-10 20:19:07.000
10027,2021-03-05 02:44:20.677
10028,2021-11-18 00:21:09.000
10029,2022-05-21 06:25:21.000
10030,2021-06-14 00:42:00.453
10031,2022-03-09 17:25:58.000
10032,2019-09-18 14:34:53.000
10033,2019-09-19 12:00:00.000
10035,2021-09-21 19:41:30.873
10036,2021-11-07 20:11:04.357
10037,2022-01-25 10:03:17.000
10038,2021-11-02 16:55:29.603
10039,2021-10-30 09:43:54.000
10040,2022-05-21 07:27:44.543
10041,2022-05-21 09:02:50.720
10042,2022-02-02 16:28:05.530
10043,2022-05-17 17:57:59.720
10044,2022-05-15 10:14:07.977
10045,2022-05-21 07:11:25.310
10046,2022-05-12 17:17:57.000
10047,2019-11-06 16:42:00.000
10048,2022-05-21 09:47:26.000
10049,2019-10-21 21:00:00.000
10050,2022-05-15 16:09:48.000
10051,2022-05-04 16:50:29.000
10052,2021-11-20 20:12:53.000
10053,2019-11-04 13:00:20.317
10054,2019-11-26 18:00:00.000
10055,2019-11-30 12:00:00.000
10056,2019-12-01 23:59:00.000
10057,2020-01-02 18:15:00.000
10058,2020-03-01 21:26:58.387
10059,2020-05-16 14:39:02.000
10060,2022-02-27 16:15:47.717
10061,2020-12-12 08:58:44.453
10062,2021-08-01 02:58:08.973
10063,2021-06-11 04:45:57.927
10064,2022-05-21 07:06:57.000
10065,2022-03-06 16:32:51.807
10066,2021-11-28 14:33:29.000
10067,2022-04-06 17:26:44.293
10068,2020-10-28 23:58:46.707
10069,2020-10-11 23:38:16.643
10070,2019-11-06 02:23:18.697
10071,2022-04-22 14:52:34.000
10072,2021-11-13 14:26:13.000
10073,2020-07-25 23:59:00.000
10074,2020-02-20 23:59:00.000
10075,2019-11-01 17:50:05.943
10076,2019-10-04 23:59:00.000
10077,2022-05-16 00:44:12.000
10078,2022-04-12 20:02:22.757
10079,2022-05-04 13:48:38.000
10080,2020-10-28 04:20:27.547
10081,2022-05-21 09:09:37.607
10082,2020-01-20 14:00:00.000
10083,2021-12-04 10:54:14.000
10084,2021-07-31 15:29:00.000
10085,2021-11-30 00:18:48.957
10086,2021-11-30 00:04:13.000
10087,2021-12-15 11:36:27.000
10088,2021-09-23 13:09:02.707
10089,2020-11-08 13:18:12.273
10090,2020-08-26 10:04:04.000
10091,2022-05-21 06:25:20.483
10092,2020-07-25 20:01:47.153
10093,2021-07-20 02:46:40.557
10094,2021-10-09 15:07:23.830
10095,2021-11-07 17:18:35.863
10096,2022-05-21 08:10:14.043
10097,2021-09-07 17:00:00.000
10098,2020-08-03 15:55:00.000
10099,2021-07-12 14:34:21.000
10100,2015-11-03 19:20:00.000
10101,2016-08-04 21:07:01.060
10102,2019-12-04 19:00:00.000
10103,2016-07-07 17:17:21.133
10104,2015-11-09 00:00:00.000
10105,2016-10-26 00:00:00.000
10106,2016-10-26 00:00:00.000
10107,2016-10-26 00:00:00.000
10108,2018-03-29 15:41:28.240
10109,2018-10-31 23:59:00.000
10110,2020-10-19 13:00:06.927
10112,2017-07-27 13:59:09.943
10113,2014-05-12 00:40:00.000
10114,2015-10-27 03:00:00.000
10115,2014-07-18 12:00:00.000
10116,2014-07-30 13:50:00.000
10117,2014-08-23 08:33:05.530
10118,2013-10-31 13:54:00.000
10119,2013-11-02 19:08:00.000
10120,2013-11-05 18:05:00.000
10121,2014-10-28 14:00:00.000
10122,2015-10-13 04:00:00.000
10123,2014-09-08 23:59:00.000
10124,2015-10-21 04:00:00.000
10125,2014-10-31 15:00:00.000
10126,2014-10-29 00:00:00.000
10127,2013-10-23 05:47:00.000
10128,2020-07-01 23:59:00.000
10129,2020-07-08 21:53:45.123
10130,2022-05-18 19:28:18.000
10131,2022-05-21 08:01:41.000
10132,2022-04-18 17:44:00.210
10133,2022-05-21 07:08:58.000
10134,2020-07-06 01:49:39.000
10135,2022-05-17 20:57:06.163
10136,2022-05-21 06:49:08.000
10137,2022-05-21 06:49:06.000
10138,2022-05-21 07:09:07.000
10139,2022-05-18 13:37:25.000
10140,2022-05-21 06:44:08.000
10141,2022-05-17 22:31:48.000
10142,2022-05-21 06:21:00.000
10143,2020-07-14 03:49:32.000
10144,2020-10-17 22:34:04.073
10145,2022-05-21 06:44:01.000
10146,2022-04-29 10:43:03.000
10147,2022-05-21 08:51:17.173
10148,2022-05-21 07:12:18.770
10149,2022-05-04 16:37:43.670
10150,2022-05-21 06:49:01.000
10151,2022-05-21 06:25:18.000
10152,2022-05-21 06:25:18.000
10153,2020-09-06 23:59:00.000
10154,2022-05-21 06:10:58.000
10156,2020-05-23 00:00:00.000
10157,2022-05-21 08:17:11.967
10158,2022-05-13 14:38:41.000
10159,2021-11-05 14:42:09.000
10160,2022-05-21 08:53:21.517
10161,2022-05-21 07:04:06.000
10162,2021-10-20 18:28:58.000
10163,2021-11-10 15:39:39.867
10164,2022-01-27 18:55:05.430
10165,2022-05-21 07:04:06.000
10166,2021-09-27 10:41:59.000
10167,2022-02-02 16:48:20.073
10168,2022-05-21 06:54:07.000
10169,2022-05-21 06:44:07.000
10170,2021-10-19 11:13:15.337
10171,2020-09-06 23:59:00.000
10172,2020-10-22 23:36:05.470
10173,2022-05-19 16:08:36.637
10174,2021-11-15 12:48:40.580
10175,2022-05-18 05:59:21.000
10176,2022-05-21 06:53:51.000
10177,2022-02-02 21:37:17.000
10178,2021-07-15 19:00:00.000
10179,2022-05-21 08:25:05.183
10180,2021-07-17 16:58:43.040
10181,2022-05-21 06:24:07.000
10182,2021-02-18 11:54:44.597
10183,2022-05-21 09:13:36.000
10184,2020-09-22 22:25:35.257
10185,2022-05-21 06:59:10.000
10186,2022-05-21 06:18:42.470
10187,2022-05-21 06:25:17.000
10188,2022-05-21 06:52:23.000
10189,2022-05-21 08:50:58.173
10190,2022-05-21 09:19:47.450
10191,2022-04-03 10:08:30.200
10192,2022-05-21 06:18:22.667
10193,2022-05-21 06:44:07.000
10194,2022-05-21 08:27:02.690
10195,2022-05-21 07:03:00.000
10196,2022-05-21 06:49:07.033
10197,2022-05-16 11:13:06.000
10198,2022-05-21 06:40:18.537
10199,2022-05-21 06:31:03.167
10200,2021-04-29 20:00:00.000
10201,2022-05-21 06:43:32.813
10202,2022-04-01 10:46:26.000
10203,2021-04-29 15:05:21.000
10204,2022-04-01 07:44:26.000
10205,2022-05-06 20:31:16.000
10206,2022-05-18 19:27:35.000
10207,2022-05-21 07:01:18.000
10208,2022-05-21 07:04:07.000
10209,2022-04-06 16:31:12.000
10210,2021-04-29 17:28:41.000
10211,2022-02-20 23:06:44.000
10212,2022-05-16 00:11:39.993
10213,2022-05-21 06:44:06.000
10214,2022-04-28 20:35:55.493
10215,2022-01-05 17:10:23.593
10216,2022-05-01 00:57:39.070
10217,2022-05-21 08:20:38.187
10218,2021-09-09 21:57:27.000
10219,2022-05-06 16:59:29.967
10220,2022-05-21 07:00:00.000
10221,2021-11-10 19:30:00.000
10222,2022-05-21 06:25:26.703
10223,2022-04-30 21:43:40.000
10224,2021-09-16 15:04:24.000
10225,2022-05-21 09:46:36.910
10226,2022-04-14 15:00:00.000
10227,2022-05-21 06:49:08.000
10228,2022-05-21 06:49:08.000
10229,2020-03-11 13:10:23.537
10231,2021-06-30 16:00:00.000
10232,2022-05-21 06:39:06.000
10233,2022-04-29 18:43:12.000
10235,2021-05-16 20:25:25.000
10236,2021-03-01 22:00:00.000
10237,2021-03-01 22:00:00.000
10238,2021-03-01 22:00:00.000
10239,2022-04-27 12:45:24.993
10241,2022-05-21 06:10:07.000
10242,2003-01-01 23:59:00.000
10244,2022-05-21 07:01:00.000
10245,2021-10-05 15:57:40.797
10246,2022-05-21 09:40:37.133
10247,2022-05-21 06:54:07.000
10248,2022-04-09 17:42:27.083
10249,2022-01-12 18:48:44.503
10250,2021-11-04 03:03:30.277
10251,2021-11-02 17:38:20.043
10252,2022-02-01 12:00:00.000
10253,2022-05-21 06:49:07.000
10254,2022-05-21 06:54:07.000
10255,2022-05-01 14:44:13.000
10256,2021-09-21 03:38:38.000
10257,2021-05-17 23:37:04.000
10258,2022-05-21 09:12:58.663
10259,2022-04-04 12:49:14.777
10260,2021-12-18 11:37:16.000
10261,2021-11-03 15:39:53.000
10262,2021-11-01 00:19:08.000
10263,2022-05-09 12:32:31.000
10264,2022-05-21 06:57:15.000
10265,2021-10-06 19:02:37.000
10266,2021-12-06 20:43:55.037
10267,2021-12-16 05:36:28.810
10268,2022-05-21 06:53:36.000
10269,2022-05-01 09:17:36.000
10270,2022-05-21 07:56:45.847
10271,2022-05-21 06:19:02.000
10272,2022-05-06 21:22:04.000
10273,2022-05-21 09:12:16.000
10274,2021-05-25 07:14:16.290
10275,2022-05-20 17:15:59.857
10276,2022-02-17 14:50:29.180
10277,2022-05-18 23:44:25.000
10278,2021-10-22 19:51:01.067
10279,2021-04-01 16:30:28.200
10280,2022-05-21 07:00:57.000
10281,2022-05-19 14:27:54.000
10282,2021-10-07 03:57:43.000
10283,2022-05-12 23:40:49.000
10284,2022-05-16 00:00:22.300
10285,2022-05-16 00:25:33.647
10286,2022-05-16 00:11:10.000
10287,2022-05-21 06:51:21.213
10288,2022-05-21 08:19:39.903
10289,2022-05-21 07:09:28.000
10290,2022-05-21 06:49:07.000
10291,2022-05-21 06:52:50.000
10292,2022-05-21 07:04:03.000
10293,2021-09-27 17:00:46.000
10294,2021-08-12 16:45:56.077
10295,2019-05-28 04:19:34.000
10296,2019-05-28 02:25:32.427
10297,2022-05-21 06:44:03.000
10298,2022-05-17 18:48:06.157
10299,2022-05-21 06:45:04.000
10300,2022-05-21 06:31:15.000
10301,2022-05-21 06:20:09.810
10302,2022-05-21 06:59:21.000
10303,2013-10-30 00:00:00.000
10304,2013-10-30 00:00:00.000
10305,2014-05-28 00:00:00.000
10306,2015-11-03 14:50:00.000
10307,2014-08-17 16:00:00.000
10308,2013-09-29 13:20:00.000
10309,2014-11-04 00:00:00.000
10310,2014-11-04 00:00:00.000
10311,2014-11-04 00:00:00.000
10312,2016-10-27 18:35:00.000
10313,2016-10-24 20:25:00.000
10314,2014-11-04 00:00:00.000
10315,2013-06-22 22:40:00.000
10316,2013-10-31 23:59:00.000
10317,2013-08-02 18:00:00.000
10318,2014-05-27 00:00:00.000
10319,2014-10-02 00:00:00.000
10320,2014-05-26 00:00:00.000
10321,2013-05-08 12:20:00.000
10322,2013-08-19 13:00:00.000
10323,2013-08-15 00:00:00.000
10324,2018-09-15 16:59:33.000
10325,2015-10-26 23:59:00.000
10326,2014-11-04 00:00:00.000
10327,2014-11-04 00:00:00.000
10328,2014-11-04 00:00:00.000
10329,2014-05-18 00:00:00.000
10330,2014-05-17 00:00:00.000
10331,2015-11-03 00:00:00.000
10332,2015-10-09 00:00:00.000
10333,2014-10-10 00:00:00.000
10334,2014-10-21 00:00:00.000
10335,2014-10-29 00:00:00.000
10336,2014-10-07 00:00:00.000
10337,2015-10-11 00:00:00.000
10339,2014-10-15 14:51:14.643
10340,2013-12-03 00:00:00.000
10341,2013-09-27 00:00:00.000
10342,2014-10-05 00:00:00.000
10343,2014-10-28 00:00:00.000
10344,2013-09-04 09:27:49.643
10345,2014-10-09 00:00:00.000
10346,2014-10-09 00:00:00.000
10347,2014-10-09 00:00:00.000
10348,2015-09-29 10:00:00.000
10349,2014-10-08 00:00:00.000
10350,2013-08-10 20:43:23.523
10351,2014-10-07 00:00:00.000
10352,2014-10-14 00:00:00.000
10353,2013-09-24 00:00:00.000
10354,2015-09-29 11:00:00.000
10355,2014-10-06 00:00:00.000
10356,2013-10-09 00:00:00.000
10357,2013-09-23 00:00:00.000
10358,2014-10-05 00:00:00.000
10359,2013-10-09 00:00:00.000
10360,2013-09-26 00:00:00.000
10361,2014-10-07 23:59:00.000
10362,2013-09-18 00:00:00.000
10363,2015-09-29 18:39:25.000
10364,2013-09-27 00:00:00.000
10365,2016-07-15 00:01:00.000
10366,2015-09-04 12:40:00.000
10367,2014-10-06 00:00:00.000
10368,2013-10-09 00:00:00.000
10369,2014-10-10 00:00:00.000
10370,2016-06-27 00:01:00.000
10371,2013-06-23 13:20:00.000
10372,2013-09-25 00:00:00.000
10373,2013-09-23 00:00:00.000
10374,2014-10-07 00:00:00.000
10375,2014-07-23 00:00:00.000
10376,2014-07-23 00:00:00.000
10377,2014-10-20 23:59:00.000
10378,2013-09-28 23:59:00.000
10379,2020-01-30 16:42:33.393
10380,2019-06-08 15:46:54.537
10381,2017-07-27 18:57:23.850
10382,2017-06-06 20:40:55.300
10383,2015-10-10 00:00:00.000
10384,2014-11-08 00:00:00.000
10385,2013-09-26 00:00:00.000
10386,2013-11-22 00:00:00.000
10387,2017-04-13 11:25:46.000
10388,2017-04-03 00:50:21.360
10389,2019-11-12 14:59:55.627
10390,2017-11-20 23:59:00.000
10391,2020-07-25 09:11:50.473
10392,2019-02-15 12:15:42.490
10393,2014-11-07 00:00:00.000
10394,2014-11-07 00:00:00.000
10395,2014-11-07 00:00:00.000
10396,2014-10-20 04:41:10.383
10397,2014-11-07 00:00:00.000
10398,2014-07-24 22:43:32.083
10399,2013-08-15 00:00:00.000
10400,2013-05-11 00:00:00.000
10401,2014-05-11 20:40:00.000
10402,2015-05-12 08:00:00.000
10403,2013-05-29 10:51:00.000
10404,2015-05-31 19:00:00.000
10405,2013-05-30 11:48:00.000
10406,2016-05-12 18:00:00.000
10407,2016-05-12 18:00:00.000
10408,2016-05-12 18:00:00.000
10409,2014-05-22 00:00:00.000
10410,2014-05-22 00:00:00.000
10411,2014-05-21 13:25:10.000
10412,2014-05-22 00:00:00.000
10413,2014-05-21 00:00:00.000
10414,2014-05-21 00:00:00.000
10415,2014-05-21 00:00:00.000
10416,2014-05-22 00:00:00.000
10417,2014-05-22 00:00:00.000
10418,2015-08-27 00:00:00.000
10419,2015-08-27 00:00:00.000
10420,2014-08-09 00:00:00.000
10421,2015-06-30 19:00:00.000
10422,2015-09-03 15:00:00.000
10423,2014-08-09 00:00:00.000
10424,2014-08-10 00:00:00.000
10425,2015-08-27 00:00:00.000
10426,2014-08-09 00:00:00.000
10427,2014-08-09 00:00:00.000
10428,2014-08-10 00:00:00.000
10429,2015-08-27 00:00:00.000
10430,2015-08-27 00:00:00.000
10431,2015-08-26 00:00:00.000
10432,2015-08-26 00:00:00.000
10433,2015-09-26 00:00:00.000
10434,2015-08-26 00:00:00.000
10435,2016-06-06 07:57:00.000
10436,2017-05-19 08:09:01.460
10437,2020-08-27 01:06:01.957
10438,2020-01-10 02:31:23.187
10439,2018-07-11 17:50:07.683
10440,2022-05-21 06:11:03.437
10441,2022-05-05 14:32:45.000
10442,2021-12-23 21:06:09.173
10443,2021-10-26 17:35:00.000
10444,2021-10-12 15:21:04.593
10445,2020-06-04 09:07:38.197
10446,2022-05-21 07:00:58.000
10447,2022-05-21 07:09:34.510
10449,2021-09-13 14:24:52.377
10450,2022-05-21 06:36:32.000
10451,2022-05-21 07:04:31.000
10452,2022-04-13 15:00:00.000
10453,2022-05-21 06:19:24.000
10454,2022-05-21 06:44:25.000
10455,2022-05-21 06:27:29.000
10456,2021-09-03 18:10:22.000
10457,2021-09-30 16:32:47.287
10458,2021-03-29 14:47:48.267
10459,2022-05-21 06:44:28.000
10460,2021-06-17 22:23:20.000
10461,2021-10-18 19:54:08.123
10462,2021-10-18 17:51:55.203
10463,2021-10-26 19:21:39.000
10464,2022-05-21 06:54:05.000
10466,2021-12-16 14:37:23.000
10467,2022-05-21 06:25:17.000
10468,2021-07-26 23:59:00.000
10469,2022-05-10 13:57:31.747
10470,2022-03-28 20:52:54.357
10471,2022-04-30 00:57:00.440
10472,2022-04-14 10:51:00.730
10473,2022-05-11 10:05:19.000
10474,2022-01-21 16:11:06.490
10475,2021-08-31 14:46:08.000
10476,2021-10-20 16:18:15.867
10477,2021-10-20 17:40:19.013
10478,2021-10-20 18:12:19.847
10479,2021-10-11 18:46:48.830
10480,2022-05-21 06:44:28.000
10481,2021-10-13 00:00:00.000
10482,2022-05-21 06:44:26.000
10483,2022-05-21 08:25:09.000
10484,2021-10-13 00:00:00.000
10485,2022-05-21 09:20:33.000
10486,2022-05-03 00:20:30.357
10487,2022-05-21 09:19:17.803
10488,2021-04-05 18:40:13.000
10489,2021-04-05 16:46:05.140
10490,2021-10-25 16:15:00.000
10491,2022-05-21 09:34:14.000
10492,2021-10-20 17:06:25.217
10494,2022-03-23 21:46:48.563
10495,2021-07-27 20:24:55.410
10496,2022-02-07 20:31:47.000
10497,2022-05-21 07:09:04.000
10498,2022-05-21 08:12:14.430
10499,2022-05-21 06:44:25.000
10500,2022-05-19 18:49:26.000
10501,2022-05-21 06:54:25.000
10502,2021-11-28 23:59:00.000
10503,2022-05-21 09:38:25.890
10504,2022-05-21 07:09:20.723
10505,2021-06-17 13:08:12.020
10506,2022-05-21 06:17:40.090
10507,2022-05-21 06:39:07.000
10508,2021-08-12 17:24:52.350
10509,2021-10-08 17:46:53.000
10510,2021-11-02 14:30:00.000
10511,2021-12-07 12:01:40.000
10512,2021-12-07 11:18:52.000
10513,2021-12-30 17:42:37.947
10514,2022-04-13 14:02:10.280
10515,2022-03-23 17:00:35.363
10516,2018-11-27 15:00:00.000
10517,2021-09-10 20:00:00.000
10518,2021-12-15 14:48:56.390
10519,2021-09-18 17:56:00.000
10520,2021-04-15 21:51:43.783
10521,2022-03-30 11:59:31.717
10522,2022-03-30 08:06:35.023
10523,2022-05-21 07:09:26.000
10524,2022-01-11 18:34:13.000
10525,2021-10-10 15:15:22.893
10526,2021-10-13 12:41:04.027
10527,2021-08-26 14:04:13.763
10528,2019-09-19 02:17:03.420
10529,2022-05-21 06:21:17.000
10530,2022-05-21 06:19:02.000
10531,2021-04-05 16:50:34.163
10532,2021-10-10 14:29:05.117
10533,2022-05-21 06:44:27.000
10534,2022-01-03 05:47:05.000
10535,2022-05-21 06:49:25.000
10536,2022-05-21 07:06:31.000
10537,2022-05-21 06:24:45.000
10538,2022-05-21 06:59:59.617
10539,2022-05-21 08:07:59.017
10540,2021-09-24 01:22:00.797
10541,2022-05-21 06:11:05.297
10542,2022-05-21 06:54:26.000
10543,2021-04-29 15:05:21.000
10544,2022-05-21 06:44:26.000
10545,2021-10-15 19:52:53.033
10546,2022-05-17 13:38:41.000
10547,2021-08-25 00:10:01.693
10548,2021-10-17 21:05:24.060
10549,2021-08-23 22:00:31.840
10550,2022-05-20 18:18:00.783
10551,2019-09-21 17:51:03.330
10552,2022-05-21 06:26:24.050
10553,2022-03-10 17:51:04.000
10554,2021-08-23 12:30:00.000
10555,2022-05-15 13:44:09.027
10556,2022-05-21 09:11:54.000
10557,2022-05-21 06:12:08.000
10558,2021-12-28 04:28:41.000
10559,2021-07-31 16:26:20.000
10560,2022-05-13 23:36:00.000
10561,2022-05-21 07:05:13.430
10562,2022-05-21 06:29:26.000
10563,2022-02-10 15:42:49.627
10564,2022-05-01 07:07:23.710
10565,2020-11-01 11:22:54.000
10566,2021-08-28 20:34:25.193
10567,2021-11-21 17:59:59.000
10568,2021-11-29 19:11:52.000
10569,2022-05-21 07:09:25.000
10570,2022-04-20 17:14:29.650
10571,2022-02-04 23:30:39.000
10572,2021-11-04 14:44:16.000
10573,2021-12-17 17:12:30.197
10574,2022-05-10 05:44:06.160
10575,2022-04-26 15:36:08.393
10576,2022-05-09 07:25:35.930
10577,2022-03-30 22:51:00.353
10578,2021-11-17 17:39:51.183
10579,2021-11-13 16:10:47.000
10580,2022-04-09 16:21:52.000
10583,2021-10-27 11:31:04.000
10584,2022-05-21 06:44:26.000
10585,2022-04-18 14:43:02.617
10586,2022-05-21 06:20:07.000
10587,2021-10-21 01:18:29.093
10588,2022-04-06 22:09:46.000
10589,2022-05-21 06:25:56.000
10590,2022-05-21 06:39:08.000
10591,2022-05-21 06:54:26.000
10592,2022-05-21 06:55:58.507
10593,2022-03-07 15:31:27.000
10594,2019-03-01 13:30:48.273
10595,2022-05-20 12:54:13.000
10596,2022-05-21 06:59:26.000
10597,2022-02-25 23:22:01.000
10598,2022-05-21 07:27:44.763
10599,2022-04-18 12:30:43.463
10600,2022-04-27 17:04:16.540
10601,2022-05-21 08:28:15.627
10602,2021-09-27 18:00:00.000
10603,2021-11-04 08:52:14.000
10604,2022-02-07 00:38:53.187
10605,2022-05-21 06:39:15.733
10606,2022-05-21 07:01:15.000
10607,2022-05-21 07:01:16.000
10608,2021-06-17 13:08:12.020
10609,2022-01-10 20:17:26.000
10610,2022-05-21 05:54:25.000
10611,2022-04-08 18:30:00.000
10612,2022-03-05 20:23:31.000
10613,2022-02-21 17:22:37.000
10614,2022-03-29 03:32:27.000
10615,2022-03-13 17:39:25.513
10616,2022-05-21 06:44:08.000
10617,2021-12-16 05:45:27.560
10619,2022-04-18 16:02:23.913
10620,2022-05-21 06:44:26.000
10621,2022-05-21 06:22:32.000
10622,2022-05-21 06:18:53.000
10623,2022-05-21 00:14:54.000
10624,2022-05-21 06:49:04.000
10625,2022-05-21 06:55:29.643
10626,2022-05-21 07:04:27.340
10627,2022-05-21 06:37:13.000
10628,2022-05-13 17:44:20.000
10629,2021-11-15 08:55:47.000
10630,2021-12-12 17:29:48.000
10631,2022-01-09 00:00:00.000
10632,2022-05-19 05:59:49.430
10633,2022-05-21 06:44:26.000
10634,2022-05-21 07:01:15.000
10635,2022-05-21 02:05:06.610
10637,2022-05-21 06:49:26.000
10638,2022-05-11 21:51:15.467
10639,2022-05-21 06:38:04.000
10640,2021-11-12 23:59:00.000
10641,2022-05-21 06:44:25.000
10642,2022-05-21 06:49:26.000
10643,2022-05-21 03:44:25.000
10644,2022-05-21 06:44:25.000
10645,2022-05-21 06:49:26.000
10646,2022-05-21 06:44:25.000
10647,2022-05-21 06:16:30.850
10648,2022-04-29 16:44:27.000
10649,2022-05-21 06:44:25.000
10650,2022-05-21 05:19:26.000
10651,2022-05-08 05:57:11.000
10652,2022-05-21 07:07:11.720
10653,2022-05-21 06:45:58.000
10654,2022-05-21 07:03:32.117
10655,2022-05-21 06:49:25.000
10656,2022-04-24 09:21:20.000
10657,2022-05-21 06:44:26.000
10658,2022-05-21 06:44:25.000
10659,2022-05-21 06:34:25.000
10660,2019-05-12 22:42:46.717
10661,2020-06-04 09:07:38.197
10662,2020-04-29 22:15:05.470
10663,2019-02-04 15:01:29.287
10664,2017-02-14 19:58:43.067
10665,2015-10-29 22:00:00.000
10666,2015-10-29 23:32:33.000
10667,2015-10-27 14:46:20.580
10668,2015-09-07 18:29:00.470
10669,2015-11-19 16:06:51.633
10670,2014-10-19 22:00:00.000
10671,2016-11-21 16:21:38.747
10672,2016-11-26 03:10:54.980
10673,2016-12-04 18:49:09.090
10674,2016-09-27 23:59:00.000
10675,2022-03-30 03:23:55.140
10676,2017-08-30 12:00:00.000
10677,2017-09-10 19:47:01.037
10678,2016-04-26 23:40:00.000
10679,2017-06-21 16:00:00.000
10680,2017-06-13 12:00:00.000
10681,2017-06-22 16:00:00.000
10682,2016-11-04 00:00:00.000
10683,2021-12-09 21:00:08.653
10685,2016-12-01 00:00:00.000
10686,2017-11-27 08:00:00.000
10687,2015-11-03 00:00:00.000
10688,2016-12-01 00:00:00.000
10689,2017-11-28 08:00:00.000
10690,2015-09-17 13:02:10.000
10691,2015-11-02 00:00:00.000
10692,2016-12-01 00:00:00.000
10693,2017-10-30 07:30:47.000
10694,2019-11-12 16:27:33.467
10696,2021-07-28 16:20:00.000
10697,2016-06-19 00:00:00.000
10698,2014-10-17 00:00:00.000
10699,2014-10-09 00:00:00.000
10700,2017-06-16 20:13:52.380
10701,2018-07-08 00:06:05.323
10702,2016-09-30 00:00:00.000
10703,2015-12-28 00:00:00.000
10704,2015-12-28 00:00:00.000
10705,2017-11-17 15:00:00.000
10706,2018-01-10 00:00:00.000
10707,2015-09-30 00:00:00.000
10708,2014-11-20 00:00:00.000
10709,2015-12-01 00:00:00.000
10710,2014-09-08 00:00:00.000
10711,2016-01-04 00:00:00.000
10712,2015-12-08 00:00:00.000
10713,2015-12-06 00:00:00.000
10715,1970-01-01 00:00:00.000
10716,2015-11-24 05:08:32.970
10717,2015-12-01 00:00:00.000
10718,2015-12-04 00:00:00.000
10719,2015-12-05 00:22:18.647
10720,2015-12-06 00:00:00.000
10721,2015-11-22 23:19:46.000
10722,2015-12-06 00:00:00.000
10723,2015-12-05 00:00:00.000
10724,2015-07-27 00:00:00.000
10725,2015-12-07 00:00:00.000
10726,2015-07-11 00:00:00.000
10727,2015-07-15 00:00:00.000
10728,2015-12-02 00:00:00.000
10729,2015-12-02 00:00:00.000
10730,2015-12-02 00:00:00.000
10731,2015-07-08 21:10:18.000
10732,2015-12-03 00:00:00.000
10733,2015-12-02 00:00:00.000
10734,2015-12-03 00:00:00.000
10735,2015-12-03 00:00:00.000
10736,2015-12-03 00:00:00.000
10737,2015-12-07 23:59:00.000
10738,2015-04-29 00:00:00.000
10739,2015-07-17 00:00:00.000
10740,2015-07-17 00:00:00.000
10741,2015-12-05 00:00:00.000
10742,2015-04-29 00:00:00.000
10743,2015-07-18 00:00:00.000
10744,2015-07-18 00:00:00.000
10745,2015-12-04 23:59:00.000
10746,2015-12-04 00:00:00.000
10747,2015-12-02 00:00:00.000
10748,2015-11-12 18:25:19.080
10749,2015-12-09 00:00:00.000
10750,2015-12-09 00:00:00.000
10751,2015-07-31 00:00:00.000
10752,2015-12-07 00:00:00.000
10753,2015-12-27 00:00:00.000
10755,2015-12-03 00:00:00.000
10756,2015-11-30 11:10:02.000
10757,2015-12-01 19:13:49.223
10758,2022-04-13 12:50:06.957
10759,2021-10-21 23:07:44.870
10760,2017-06-22 18:00:00.000
10761,2017-06-22 16:00:00.000
10762,2016-06-09 00:19:50.383
10763,2016-06-06 00:29:32.133
10764,2016-01-07 00:10:49.787
10765,2016-06-09 00:23:39.000
10766,2016-06-06 00:15:41.000
10767,2015-12-02 00:00:00.000
10768,2015-12-02 13:00:00.000
10769,2015-12-02 17:00:00.000
10770,2015-12-02 00:00:00.000
10771,2015-12-02 15:30:00.000
10772,2016-03-21 16:57:42.527
10773,2018-07-19 23:59:00.000
10774,2018-08-18 23:59:00.000
10775,2014-08-18 23:16:30.237
10776,2018-08-15 23:59:00.000
10777,2018-08-15 12:00:00.000
10778,2018-07-18 12:00:00.000
10779,2018-10-27 23:59:00.000
10780,2021-09-18 21:42:34.697
10781,2013-05-30 22:44:00.000
10782,2013-05-31 07:25:00.000
10783,2013-06-18 20:51:00.000
10784,2016-03-27 16:00:00.000
10785,2013-05-05 14:11:00.000
10786,2014-05-24 19:37:00.000
10787,2014-06-14 08:44:00.000
10788,2013-05-30 00:15:00.000
10789,2014-05-29 19:49:00.000
10790,2018-06-07 19:07:06.897
10791,2016-03-11 00:00:00.000
10792,2017-05-26 05:42:39.410
10793,2017-09-08 17:29:01.733
10794,2015-10-08 12:30:00.000
10795,2016-07-05 20:29:27.990
10796,2016-07-05 21:31:02.700
10797,2016-07-05 21:48:47.980
10798,2016-07-06 12:40:23.497
10799,2016-07-06 12:38:51.447
10800,2016-07-06 13:18:16.820
10801,2016-10-04 15:54:55.737
10802,2016-10-31 15:56:00.000
10803,2016-10-27 15:57:00.000
10804,2016-08-27 18:00:00.000
10805,2016-10-29 18:15:00.000
10806,2015-09-12 00:00:00.000
10807,2015-09-10 00:39:33.000
10808,2015-09-14 00:00:00.000
10809,2015-09-17 00:00:00.000
10810,2015-09-17 00:00:00.000
10811,2015-09-15 00:00:00.000
10812,2015-09-16 00:00:00.000
10813,2015-09-15 00:00:00.000
10814,2015-09-14 00:00:00.000
10815,2015-09-16 00:00:00.000
10816,2015-05-21 16:00:00.000
10817,2016-06-09 10:15:50.470
10819,2016-07-29 19:00:22.660
10820,2016-08-04 17:23:37.467
10822,2016-11-11 00:00:00.000
10823,2016-11-13 11:49:00.000
10824,2015-08-25 12:00:00.000
10825,2016-10-12 00:00:00.000
10826,2016-03-31 00:00:00.000
10827,2017-11-07 15:45:00.000
10828,2015-08-25 14:00:00.000
10829,2016-10-13 00:00:00.000
10830,2015-08-24 08:00:00.000
10831,2016-10-13 00:00:00.000
10832,2017-11-06 14:30:00.000
10833,2016-03-31 00:00:00.000
10834,2016-10-13 00:00:00.000
10835,2017-11-06 19:25:00.000
10836,2016-10-14 00:00:00.000
10837,2015-08-25 09:00:00.000
10838,2015-08-25 15:00:00.000
10839,2015-08-25 12:00:00.000
10840,2014-09-08 12:09:54.900
10841,2015-08-24 10:00:00.000
10842,2016-11-18 00:00:00.000
10843,2017-08-18 18:14:50.750
10844,2015-08-26 17:00:00.000
10845,2017-11-06 15:55:00.000
10846,2016-09-15 00:00:00.000
10847,2017-11-05 20:41:00.000
10848,2015-10-09 00:00:00.000
10849,2015-10-02 00:00:00.000
10850,2015-10-25 00:00:00.000
10851,2015-10-06 00:00:00.000
10852,2015-10-03 00:00:00.000
10853,2015-10-17 00:00:00.000
10854,2015-10-31 00:00:00.000
10855,2016-09-01 23:59:00.000
10856,2016-08-24 09:08:17.450
10857,2016-08-24 11:00:00.000
10858,2016-08-24 09:00:00.000
10859,2021-07-09 18:38:48.723
10860,2016-01-11 15:56:40.410
10861,2016-01-29 04:00:00.000
10862,2017-11-29 19:39:45.577
10863,2016-05-11 00:00:00.000
10864,2016-05-08 00:00:00.000
10865,2016-05-11 00:00:00.000
10866,2018-06-11 23:59:00.000
10867,2016-05-12 00:00:00.000
10868,2017-06-09 00:00:00.000
10869,2017-06-07 23:59:00.000
10870,2017-05-12 13:00:00.000
10871,2018-10-12 16:42:16.217
10872,2016-11-01 20:00:00.000
10873,2016-11-11 16:15:00.000
10874,2016-11-05 10:56:00.000
10875,2016-11-11 00:00:00.000
10876,2016-11-05 15:00:00.000
10877,2016-11-05 12:30:00.000
10878,2016-11-05 14:45:00.000
10879,2021-07-15 17:30:41.027
10880,2015-11-16 22:00:00.000
10881,2016-11-01 23:51:09.147
10882,2016-10-12 00:00:00.000
10883,2016-12-01 00:00:00.000
10884,2016-11-30 00:00:00.000
10885,2016-11-01 00:32:40.803
10886,2016-10-14 22:55:38.000
10887,2022-05-21 05:11:04.547
10888,2018-07-31 23:59:00.000
10889,2022-05-21 06:24:25.000
10890,2021-10-31 17:32:00.000
10891,2022-05-16 00:12:11.550
10892,2022-05-16 00:50:59.000
10893,2022-05-16 00:45:00.533
10894,2022-05-16 00:03:18.560
10895,2022-05-16 00:21:36.000
10896,2022-05-16 00:18:29.113
10897,2021-10-01 00:01:32.797
10898,2022-05-16 00:39:34.333
10899,2022-05-16 00:29:38.853
10900,2022-05-16 00:23:00.383
10902,2022-05-16 00:16:44.000
10903,2022-05-16 00:16:04.000
10904,2022-05-15 00:07:33.847
10905,2018-07-12 20:13:22.000
10906,2018-06-17 11:52:47.000
10907,2018-07-07 20:43:33.973
10908,2022-03-10 12:22:44.177
10909,2017-02-21 14:15:10.267
10910,2017-10-17 23:59:00.000
10911,2017-10-06 23:59:00.000
10912,2017-10-17 23:59:00.000
10913,2020-03-25 05:08:57.940
10914,2020-10-28 16:09:45.473
10915,2020-08-27 23:42:29.450
10916,2021-06-24 23:41:57.980
10917,2019-12-05 07:41:10.553
10918,2021-06-05 13:17:37.127
10920,2019-05-20 17:06:19.623
10921,2016-12-09 04:14:48.067
10922,2016-12-13 00:00:00.000
10923,2017-03-29 00:00:00.000
10924,2016-06-11 00:00:00.000
10925,2016-12-13 00:00:00.000
10926,2016-12-14 00:00:00.000
10927,2016-12-14 00:00:00.000
10928,2016-12-14 00:00:00.000
10929,2016-06-11 00:00:00.000
10930,2019-06-14 11:36:07.000
10931,2017-03-24 07:35:57.087
10932,2017-05-04 20:23:10.077
10933,2017-03-18 11:17:52.150
10934,2017-04-07 23:06:29.937
10935,2017-10-23 00:00:00.000
10936,2017-10-23 00:00:00.000
10937,2017-10-23 00:00:00.000
10938,2018-11-13 00:17:24.117
10939,2017-10-18 12:50:07.093
10940,2021-11-09 15:13:50.730
10941,2022-03-05 18:37:59.810
10942,2018-06-16 06:21:04.607
10943,2021-11-09 19:02:19.530
10944,2021-05-13 15:06:04.430
10945,2021-11-24 20:54:20.863
10946,2021-07-12 13:56:43.193
10947,2019-07-22 13:16:53.643
10949,2017-11-26 13:20:00.000
10950,2017-11-10 23:59:00.000
10953,2022-03-18 16:40:27.543
10955,2021-12-10 18:16:56.893
10956,2021-07-24 23:54:29.890
10957,2021-12-09 09:02:18.997
10958,2018-11-06 01:56:25.327
10959,2019-01-27 22:14:00.000
10960,2022-05-21 06:39:12.000
10961,2020-08-21 11:36:53.000
10962,2019-01-01 23:59:00.000
10964,2020-09-30 16:45:10.000
10966,2022-05-16 00:23:41.893
10967,2022-05-16 00:03:55.000
10968,2022-05-16 00:53:31.823
10971,2016-11-01 00:32:40.803
10972,2022-05-01 00:34:25.000
10973,2021-02-11 03:20:56.573
10975,2019-04-20 11:57:21.000
10976,2022-05-21 09:49:33.417
10977,2018-11-02 10:36:42.530
10978,2021-12-18 13:23:03.067
10979,2017-09-11 00:00:00.000
10980,2015-11-09 00:00:00.000
10981,2014-12-09 00:00:00.000
10982,2014-12-09 00:00:00.000
10983,2014-12-09 00:00:00.000
10984,2022-05-21 08:18:58.363
10986,2022-05-16 00:42:08.000
10988,2017-12-07 12:54:45.460
10989,2022-05-21 08:28:27.000
10990,2022-05-02 23:51:36.957
10991,2018-05-29 01:22:36.487
10992,2022-05-16 00:27:54.000
10993,2016-05-12 23:59:00.000
10994,2022-05-16 00:26:26.927
10995,2019-01-03 21:55:21.000
10996,2021-10-12 14:57:32.427
10997,2020-10-28 23:00:00.000
10998,2021-10-12 20:08:06.387
10999,2021-10-13 14:32:26.140
11000,2019-09-22 18:56:02.553
11001,2015-12-28 00:00:00.000
11002,2021-06-07 15:53:03.560
11003,2021-09-01 16:52:03.870
11004,2021-08-03 15:31:08.023
11005,2018-11-24 10:07:02.440
11006,2021-09-30 20:26:27.307
11007,2016-11-19 15:58:25.310
11008,2017-10-18 23:59:00.000
11009,2019-09-13 07:01:50.850
11010,2018-11-17 01:46:25.237
11011,2021-05-19 17:34:05.073
11012,2022-03-24 20:02:19.000
11013,2015-10-28 16:38:00.000
11014,2015-10-27 19:18:00.000
11015,2015-10-27 18:00:00.000
11016,2015-10-28 16:00:00.000
11017,2018-06-11 23:59:00.000
11018,2022-05-21 06:44:08.000
11019,2021-11-05 18:10:43.053
11021,2015-12-26 09:37:02.000
11022,2022-05-21 06:36:00.000
11023,2021-08-02 09:07:04.000
11024,2013-12-31 00:00:00.000
11025,2022-04-25 14:58:47.180
11026,2013-08-27 10:51:14.887
11027,2020-11-24 15:33:22.183
11028,2018-03-30 18:00:00.000
11029,2021-06-07 21:19:37.060
11030,2018-10-09 02:55:06.453
11031,2018-06-10 18:32:53.447
11032,2022-04-26 11:27:35.000
11033,2021-10-20 17:23:56.113
11034,2019-08-28 23:47:07.330
11035,2016-08-14 14:46:00.000
11036,2015-06-25 00:00:00.000
11037,2022-05-21 08:57:19.000
11038,2019-06-27 15:00:00.000
11039,2019-10-23 17:52:54.050
11040,2019-09-22 19:28:07.120
11041,2022-05-21 06:49:03.000
11042,2014-05-29 18:19:00.000
11043,2018-06-11 23:59:00.000
11044,2018-04-04 13:47:50.000
11045,2022-05-19 14:44:06.000
11046,2017-11-07 00:00:09.000
11047,2019-07-12 16:19:50.383
11048,2022-03-09 18:10:34.217
11049,2016-12-02 12:00:00.000
11050,2019-10-21 12:38:04.180
11051,2017-07-19 15:43:01.093
11052,2019-10-30 17:00:00.000
11053,2017-07-13 10:15:00.000
11054,2021-06-20 03:04:43.567
11055,2019-12-03 23:59:00.000
11056,2022-05-21 06:49:25.000
11057,2021-08-30 15:24:42.643
11058,2021-10-27 13:56:03.650
11059,2018-11-27 14:40:30.833
11060,2021-07-29 09:25:06.000
11061,2021-08-30 13:16:16.000
11062,2015-11-16 12:04:00.000
11063,2017-07-18 00:00:00.000
11064,2015-10-26 00:00:00.000
11065,2020-09-29 14:41:43.000
11066,2022-05-21 06:49:26.000
11067,2022-04-17 13:28:33.257
11068,2015-11-21 15:45:55.000
11069,2019-04-21 23:59:00.000
11070,2021-10-12 21:55:02.400
11071,2020-08-17 23:59:00.000
11072,2022-05-01 04:56:41.787
11073,2021-11-09 00:26:50.533
11074,2016-10-26 17:01:00.000
11075,2015-08-21 15:02:51.817
11076,2021-10-18 12:39:23.000
11077,2018-05-07 23:59:00.000
11078,2019-08-01 14:11:37.000
11079,2022-04-10 19:15:24.267
11080,2019-05-01 12:00:00.000
11081,2017-07-17 18:50:15.837
11082,2021-08-27 16:04:22.677
11083,2022-03-01 18:20:50.000
11084,2021-05-26 14:56:33.763
11085,2016-11-01 20:00:00.000
11086,2021-11-24 12:15:29.000
11087,2016-07-25 00:00:00.000
11088,2019-09-01 23:59:00.000
11089,2021-10-27 19:55:00.000
11090,2022-05-21 07:04:05.000
11091,2022-02-20 12:44:08.000
11092,2022-05-21 06:48:54.313
11094,2022-05-21 06:44:26.000
11095,2019-05-12 14:40:00.000
11096,2021-02-09 06:12:16.670
11097,2014-11-04 00:00:00.000
11098,2016-11-15 00:00:00.000
11099,2021-10-25 08:51:31.450
11100,2019-12-08 23:59:00.000
11101,2017-12-23 18:46:26.347
11102,2022-05-21 06:53:55.000
11103,2019-08-02 23:59:00.000
11104,2019-06-27 17:00:00.000
11105,2022-05-21 06:53:57.000
11106,2021-04-08 15:20:00.000
11107,2022-05-18 16:37:28.000
11108,2022-05-21 06:56:10.857
11109,2022-05-21 06:57:39.860
11110,2022-05-21 06:21:39.000
11111,2018-07-31 12:00:00.000
11112,2014-11-07 00:00:00.000
11113,2021-08-22 15:02:04.197
11114,2022-05-18 19:37:52.000
11115,2019-07-23 15:47:01.507
11116,2019-12-07 23:59:00.000
11117,2021-10-19 11:39:17.000
11118,2019-03-07 08:50:00.000
11119,2017-09-17 23:59:00.000
11120,2015-12-02 00:00:00.000
11121,2020-12-31 12:23:35.050
11123,2017-06-21 20:09:18.250
11124,2019-05-31 06:14:02.153
11125,2022-05-19 15:44:24.000
11126,2019-09-11 19:55:05.437
11127,2021-02-01 23:59:00.000
11128,2021-08-13 01:15:00.507
11129,2018-01-03 16:00:00.000
11130,2018-11-29 01:37:28.540
11131,2021-09-10 16:34:26.357
11132,2016-08-09 20:44:00.000
11133,2016-08-09 20:44:00.000
11134,2022-05-21 06:44:08.000
11135,2018-06-27 15:48:36.743
11136,2020-08-26 11:34:46.377
11137,2022-03-04 16:21:19.017
11138,2022-05-21 06:30:59.000
11139,2017-11-01 15:10:25.757
11140,2020-06-12 20:42:35.677
11141,2022-03-30 00:08:11.993
11142,2021-10-25 17:12:03.443
11143,2022-04-12 15:53:09.243
11144,2018-12-14 16:57:28.817
11145,2022-01-13 01:58:10.000
11146,2021-09-13 11:40:22.077
11147,2016-10-25 00:00:00.000
11148,2015-10-21 03:00:00.000
11149,2016-10-24 15:50:00.000
11150,2019-02-06 16:04:27.837
11151,2016-10-24 17:32:00.000
11152,2020-10-11 17:00:00.000
11153,2014-10-18 18:01:01.103
11154,2022-05-21 06:14:08.000
11155,2017-02-27 20:43:00.000
11156,2021-10-25 18:05:57.210
11157,2018-05-23 07:11:36.013
11158,2022-05-21 06:14:58.763
11159,2016-09-15 20:19:27.160
11160,2019-10-23 15:09:28.867
11161,2022-05-16 00:59:58.000
11162,2019-06-01 23:59:00.000
11163,2018-06-11 23:59:00.000
11164,2022-05-21 06:54:26.000
11165,2018-06-11 23:59:00.000
11166,2022-05-21 06:57:02.360
11167,2020-10-27 18:52:40.787
11168,2019-06-02 23:59:00.000
11169,2022-05-21 02:02:12.120
11171,2022-05-16 00:14:51.843
11172,2018-05-15 14:46:58.260
11173,2020-09-24 20:29:53.220
11174,2019-10-21 12:38:04.180
11175,2022-02-16 15:45:07.000
11176,2020-09-22 17:38:58.290
11177,2021-04-21 18:56:46.000
11178,2014-05-18 00:00:00.000
11179,2021-09-30 17:33:44.000
11180,2021-09-30 18:15:20.800
11181,2022-05-03 04:44:51.000
11182,2018-06-11 23:59:00.000
11183,2016-10-13 00:00:00.000
11184,2020-06-19 23:59:00.000
11185,2021-09-30 18:57:31.000
11186,2022-05-17 20:57:06.163
11187,2022-05-16 00:05:46.163
11188,2022-05-16 00:46:01.000
11189,2022-05-16 00:24:02.270
11190,2022-05-16 00:29:48.000
11191,2022-05-16 00:54:28.163
11192,2022-05-16 00:30:39.000
11193,2022-05-16 00:23:15.837
11194,2022-05-16 00:58:28.687
11195,2022-05-16 00:24:59.000
11196,2021-10-08 09:11:03.383
11197,2021-11-21 18:41:35.183
11198,2022-04-07 15:54:18.267
11199,2022-05-21 05:20:29.710
11200,2022-05-19 10:43:01.283
11201,2020-10-09 15:23:25.000
11202,2022-05-21 06:54:07.000
11203,2021-10-25 20:15:06.867
11204,2014-08-13 14:02:47.007
11205,2016-09-09 10:00:00.000
11206,2022-04-24 08:29:35.000
11207,2022-05-21 06:59:24.243
11208,2013-09-25 00:00:00.000
11209,2022-04-15 19:56:09.110
11210,2022-02-09 18:18:21.000
11211,2019-09-13 16:31:18.667
11212,2022-01-06 07:41:26.000
11213,2017-02-07 09:00:00.000
11214,2014-10-29 00:00:00.000
11215,2022-01-18 15:00:00.000
11216,2022-05-21 06:27:43.993
11217,2022-04-27 15:01:30.000
11218,2022-05-20 16:09:05.000
11219,2021-03-29 15:09:57.000
11220,2019-08-30 12:41:33.843
11221,2022-05-21 06:55:58.000
11222,2014-12-05 00:00:00.000
11223,2015-12-05 13:02:00.000
11224,2022-05-21 09:21:25.847
11225,2018-04-28 17:43:40.000
11226,2021-04-24 05:36:42.317
11227,2021-11-02 17:11:57.000
11228,2022-05-16 00:33:36.837
11229,2022-01-26 18:43:28.000
11230,2018-06-11 23:59:00.000
11231,2015-10-27 18:00:00.000
11232,2015-10-27 20:04:00.000
11233,2015-10-27 20:38:00.000
11234,2019-08-04 20:00:00.000
11235,2019-09-27 23:59:00.000
11236,2021-07-29 18:22:35.117
11237,2015-10-28 18:05:00.000
11238,2021-11-17 17:47:46.000
11239,2017-12-19 23:59:00.000
11240,2021-08-31 02:39:39.597
11241,2022-02-08 20:56:35.597
11242,2014-08-09 00:00:00.000
11243,2021-12-12 05:42:52.000
11244,2022-04-07 17:50:59.090
11245,2019-10-11 22:40:00.000
11246,2022-03-22 17:06:22.000
11247,2022-02-08 20:17:05.390
11248,2022-05-21 06:49:08.000
11249,2019-08-01 23:53:21.000
11250,2022-04-14 20:37:20.927
11251,2022-05-21 08:57:46.510
11252,2021-05-12 10:50:03.137
11253,2022-05-21 06:22:00.993
11254,2021-01-14 03:44:58.550
11255,2022-05-15 12:07:59.000
11256,2022-05-21 06:25:19.000
11257,2013-11-04 15:00:00.000
11258,2016-06-27 15:00:00.000
11259,2021-11-21 13:26:20.000
11260,2022-03-04 14:23:57.917
11261,2022-05-21 09:26:18.263
11262,2019-09-08 02:37:36.000
11263,2021-12-20 04:45:18.583
11264,2020-07-09 23:59:00.000
11265,2022-05-21 08:11:49.550
11266,2020-08-19 19:00:33.107
11267,2021-09-27 17:47:32.207
11268,2021-10-19 19:44:32.230
11269,2022-02-23 05:03:48.450
11270,2022-05-21 04:35:13.000
11271,2021-09-01 06:53:38.737
11272,2022-05-21 06:49:06.000
11273,2021-12-13 17:34:37.757
11274,2016-10-11 21:45:00.000
11275,2016-10-20 00:00:00.000
11276,2021-09-29 15:16:21.143
11277,2019-11-07 16:18:42.937
11278,2022-04-29 17:36:21.757
11279,2021-10-28 22:15:36.830
11280,2013-12-05 15:00:00.000
11281,2022-04-27 02:51:30.010
11282,2018-03-15 23:59:00.000
11283,2018-07-29 09:18:49.000
11284,2016-12-13 00:00:00.000
11285,2021-12-13 16:41:43.943
11286,2022-04-12 00:02:44.000
11287,2022-05-21 08:55:59.000
11288,2020-10-20 19:25:21.973
11289,2018-10-10 15:45:56.657
11290,2022-05-21 06:43:54.000
11291,2022-03-30 00:53:17.000
11292,2022-05-21 08:36:13.527
11293,2020-11-30 00:00:00.000
11294,2021-09-13 15:16:56.813
11295,2022-05-21 08:30:23.730
11296,2021-01-31 00:00:00.000
11297,2016-10-21 00:00:00.000
11298,2022-05-21 07:09:09.150
11299,2021-07-13 19:59:04.167
11300,2022-05-19 15:54:33.000
11301,2021-08-27 16:12:41.860
11303,2020-01-19 21:40:25.607
11304,2022-05-21 06:18:00.000
11305,2021-08-16 18:12:26.550
11306,2019-03-27 13:08:18.000
11307,2018-06-30 23:59:00.000
11308,2020-10-20 15:44:00.000
11309,2022-04-28 13:23:18.000
11310,2020-08-09 07:43:47.277
11311,2019-09-30 05:35:58.000
11312,2021-06-25 15:25:02.037
11313,2018-10-08 23:59:00.000
11314,2022-01-20 13:15:59.000
11315,2021-04-20 22:00:00.000
11316,2022-05-16 00:14:32.453
11317,2021-01-28 04:27:00.000
11318,2020-09-30 00:00:00.000
11319,2020-07-29 13:21:44.247
11320,2018-10-22 23:59:00.000
11321,2019-06-01 17:05:00.000
11322,2019-08-07 10:19:51.643
11323,2020-09-15 08:23:16.263
11324,2022-05-21 06:14:05.000
11325,2020-09-15 07:45:08.690
11326,2022-05-21 09:35:08.123
11327,2022-04-21 13:05:00.000
11328,2021-01-11 12:54:37.800
11329,2022-05-21 06:45:51.000
11330,2022-05-21 06:25:19.000
11331,2016-01-11 15:56:40.410
11332,2021-10-11 22:35:54.000
11333,2020-02-21 15:35:33.090
11334,2021-10-21 03:52:02.767
11335,2022-04-23 14:50:00.000
11336,2022-05-21 09:29:26.257
11337,2017-10-31 23:59:00.000
11338,2014-07-28 00:00:00.000
11339,2022-04-09 14:27:41.000
11340,2018-11-20 20:43:33.000
11341,2021-12-21 19:38:01.977
11342,2022-04-25 16:09:29.000
11343,2021-11-09 14:49:03.000
11344,2021-10-21 13:32:02.740
11345,2022-04-27 12:43:21.063
11346,2022-02-23 17:57:54.000
11347,2021-09-27 12:00:00.000
11348,2022-05-21 08:55:48.347
11349,2022-05-21 08:49:38.000
11350,2013-10-19 00:00:00.000
11351,2019-07-17 00:38:16.000
11352,2022-04-01 03:26:01.000
11353,2019-07-25 07:58:54.983
11355,2021-09-10 21:24:09.287
11356,2022-02-26 15:17:27.173
11357,2020-11-07 23:28:11.143
11358,2019-10-23 23:48:37.000
11359,2020-10-20 18:22:56.810
11360,2022-05-21 07:00:58.000
11361,2021-05-20 20:09:43.223
11362,2022-05-21 06:11:05.377
11363,2022-01-01 00:10:20.000
11364,2021-11-08 16:14:41.227
11365,2013-09-28 00:00:00.000
11366,2020-05-23 15:43:37.333
11367,2021-06-24 23:41:57.980
11368,2022-04-12 22:08:47.133
11369,2021-10-20 15:42:27.313
11370,2017-10-25 00:46:01.000
11371,2021-06-08 16:43:04.107
11372,2020-09-29 04:52:36.360
11373,2021-10-12 15:21:04.593
11374,2022-04-10 17:12:10.223
11375,2021-03-29 17:05:55.000
11376,2015-11-04 01:00:00.000
11377,2018-10-30 13:21:27.417
11378,2021-11-06 20:43:00.000
11379,2019-12-13 08:00:00.000
11380,2022-05-15 22:15:27.630
11381,2022-05-21 06:50:24.757
11382,2021-06-03 00:45:28.843
11383,2019-06-15 05:09:29.367
11384,2019-10-23 00:00:00.000
11385,2022-04-26 12:04:40.310
11386,2021-08-01 23:59:00.000
11387,2016-11-26 00:00:00.000
11388,2021-10-31 04:51:08.993
11389,2016-10-24 16:20:00.000
11390,2016-10-26 16:39:00.000
11391,2015-04-21 15:00:00.000
11392,2014-08-09 00:00:00.000
11393,2019-01-22 23:59:00.000
11394,2016-11-08 11:00:00.000
11395,2021-02-17 14:30:00.000
11396,2019-07-25 07:58:54.983
11397,2022-05-21 07:00:34.000
11398,2022-05-16 17:16:06.397
11399,2013-09-01 14:59:00.000
11400,2019-05-26 15:06:33.827
11401,2022-05-16 00:29:11.000
11402,2022-05-21 09:37:32.337
11403,2022-05-13 05:55:22.427
11404,2022-04-16 20:35:47.907
11405,2019-05-09 06:36:48.713
11406,2022-01-19 15:19:50.000
11407,2022-04-02 23:59:43.880
11408,2022-05-21 07:19:42.713
11409,2020-12-07 12:19:39.000
11410,2021-10-25 14:39:13.357
11411,2022-05-20 22:55:07.000
11412,2022-05-21 06:44:49.597
11413,2021-10-31 13:01:54.183
11414,2021-05-07 18:54:26.000
11415,2017-05-24 00:00:00.000
11416,2022-05-21 06:45:21.767
11417,2020-09-11 20:15:06.007
11418,2017-05-18 00:56:19.707
11419,2020-07-29 13:52:00.000
11420,2016-05-18 00:00:00.000
11421,2021-10-27 16:15:00.000
11422,2022-05-21 06:23:59.000
11423,2021-12-14 00:28:01.900
11424,2021-10-18 14:51:01.713
11425,2022-04-05 18:35:03.240
11426,2021-12-09 19:33:14.623
11427,2021-05-21 20:23:38.730
11428,2020-08-06 09:29:43.390
11429,2018-08-23 23:59:00.000
11430,2020-02-28 13:55:00.000
11431,2019-05-02 17:20:09.697
11432,2022-05-21 06:44:07.000
11433,2021-12-23 18:03:47.233
11434,2016-07-11 15:00:00.000
11435,2022-05-21 06:44:07.000
11436,2021-06-16 17:26:38.667
11437,2016-09-09 12:30:00.000
11438,2020-09-09 20:00:00.000
11439,2022-05-21 08:14:09.827
11440,2022-04-25 22:23:00.000
11441,2015-11-09 00:00:00.000
11442,2022-05-21 07:04:07.000
11443,2022-04-28 14:23:18.057
11444,2022-05-21 06:40:23.883
11445,2016-06-22 22:37:45.467
11446,2021-09-07 14:53:47.567
11447,2021-10-23 12:03:40.917
11448,2019-10-26 14:53:18.943
11449,2019-04-06 23:59:00.000
11450,2022-05-21 08:03:23.000
11451,2019-07-05 16:14:43.000
11452,2016-11-21 00:00:00.000
11453,2022-04-18 14:58:25.503
11454,2022-05-21 06:49:08.000
11455,2021-12-25 19:09:45.000
11456,2018-12-06 18:10:00.000
11457,2022-05-21 06:49:25.000
11458,2022-05-21 06:39:26.000
11459,2021-03-04 15:20:02.000
11460,2021-05-26 16:18:34.753
11461,2022-05-21 07:04:07.000
11462,2018-07-16 15:00:00.000
11463,2019-05-26 11:12:49.990
11464,2022-05-21 07:00:30.787
11465,2014-10-19 00:00:00.000
11466,2022-04-09 18:59:25.200
11467,2022-04-14 19:38:38.270
11468,2018-05-05 00:28:16.820
11469,2022-05-21 06:25:39.000
11470,2019-05-14 12:00:00.000
11471,2019-01-08 15:38:41.447
11472,2015-06-19 00:00:00.000
11473,2022-04-10 17:55:39.000
11474,2019-05-14 20:00:00.000
11475,2019-06-26 16:45:56.623
11476,2017-10-11 23:59:00.000
11477,2018-11-19 10:42:13.417
11478,2021-07-28 22:59:29.000
11479,2022-04-12 14:43:14.370
11480,2022-03-08 07:01:20.360
11481,2019-05-21 18:54:09.447
11482,2020-09-19 11:44:20.283
11483,2022-04-28 19:01:33.263
11484,2021-07-12 18:08:44.000
11485,2022-05-21 09:18:33.627
11486,2022-04-12 13:34:33.777
11487,2013-12-31 00:00:00.000
11488,2022-05-21 07:03:53.183
11489,2022-05-21 09:44:14.283
11490,2015-10-08 01:30:00.000
11491,2022-05-12 21:47:42.000
11492,2022-05-21 09:07:53.000
11493,2017-11-27 08:00:00.000
11494,2022-04-25 18:48:25.943
11495,2022-04-14 15:42:50.217
11496,2014-05-18 00:00:00.000
11497,2021-10-21 06:03:54.787
11498,2021-12-21 17:49:38.487
11499,2022-05-21 06:44:25.000
11500,2021-12-07 02:10:12.983
11501,2019-05-22 23:11:22.743
11502,2016-10-17 10:02:53.317
11503,2021-11-04 13:55:37.833
11504,2021-12-13 15:59:09.737
11505,2022-05-21 09:31:06.000
11506,2019-01-10 23:59:00.000
11507,2021-10-20 07:48:02.010
11508,2021-09-07 17:49:51.913
11509,2022-04-11 12:18:54.030
11510,2020-11-23 17:17:10.150
11511,2022-03-18 17:02:07.807
11512,2022-05-21 06:37:49.650
11513,2017-07-11 18:00:00.000
11514,2022-05-21 06:54:27.270
11515,2022-05-21 06:25:19.820
11516,2021-05-31 01:12:48.000
11517,2022-05-21 06:18:59.000
11518,2022-05-21 06:39:05.000
11519,2018-09-10 16:00:00.000
11520,2020-03-28 21:12:12.500
11521,2017-06-12 19:06:43.377
11522,2022-05-21 06:56:48.000
11523,2019-10-23 23:48:37.000
11524,2016-05-09 00:00:00.000
11525,2022-01-26 14:05:10.640
11526,2022-04-15 17:48:36.663
11527,2021-08-18 15:19:14.000
11528,2022-03-12 17:39:41.650
11529,2022-05-21 07:06:00.000
11530,2022-05-10 16:41:26.570
11531,2021-12-20 04:43:02.153
11532,2022-05-19 10:52:06.000
11533,2019-11-09 23:59:00.000
11534,2021-09-28 16:44:03.473
11535,2021-06-11 19:47:44.000
11536,2018-11-08 20:14:31.360
11537,2021-05-11 18:41:19.393
11538,2016-01-05 12:00:00.000
11539,2017-10-16 23:59:00.000
11540,2014-10-30 00:00:00.000
11541,2022-04-10 20:01:50.237
11542,2020-07-17 15:09:48.510
11543,2022-05-21 09:47:28.520
11544,2020-11-04 12:51:01.000
11546,2019-11-20 18:31:23.940
11547,2019-07-21 22:57:04.507
11548,2016-10-12 00:00:00.000
11549,2021-12-13 14:22:27.377
11550,2021-04-16 14:30:01.530
11551,2022-05-21 06:52:17.143
11552,2021-10-01 12:00:00.000
11553,2019-11-17 14:39:32.570
11554,2022-04-30 10:42:26.000
11555,2021-12-01 20:44:38.000
11556,2022-05-21 06:34:24.000
11557,2013-12-05 15:00:00.000
11558,2013-08-02 14:30:00.000
11559,2019-11-19 23:59:00.000
11560,2020-10-21 21:02:09.280
11561,2022-03-04 17:05:47.373
11562,2019-08-01 14:59:30.000
11563,2021-06-11 06:49:23.000
11564,2021-12-11 21:36:18.577
11565,2014-08-10 00:00:00.000
11566,2017-10-28 23:59:00.000
11567,2021-10-10 09:26:14.737
11568,2022-05-21 06:59:51.000
11569,2022-05-21 07:00:58.000
11570,2021-12-21 21:18:40.430
11571,2014-07-28 00:00:00.000
11572,2022-02-03 15:16:59.000
11573,2022-04-14 18:49:15.980
11574,2021-05-27 23:59:00.000
11575,2016-11-29 12:00:00.000
11576,2017-04-28 00:00:00.000
11577,2022-01-03 18:00:00.000
11578,2022-05-21 07:46:46.253
11579,2014-05-21 00:00:00.000
11580,2015-12-09 00:00:00.000
11581,2014-01-01 00:00:00.000
11582,2022-05-21 07:01:15.000
11583,2014-08-09 00:00:00.000
11584,2019-06-01 23:59:00.000
11585,2022-05-21 07:04:16.807
11586,2022-05-21 06:35:55.947
11587,2022-04-28 18:44:54.657
11588,2022-05-20 11:29:05.820
11589,2021-10-27 19:49:52.000
11590,2022-01-05 22:27:15.000
11591,2015-11-29 00:00:00.000
11592,2021-09-28 16:54:13.657
11593,2020-11-06 17:00:00.000
11594,2014-10-29 00:00:00.000
11595,2021-06-25 16:43:34.000
11596,2017-03-15 23:47:24.087
11597,2019-09-18 20:00:00.000
11598,2020-03-11 17:05:18.357
11599,2022-05-21 06:49:26.000
11600,2022-05-21 07:03:47.620
11601,2021-06-07 08:20:09.777
11602,2014-10-14 17:55:47.040
11603,2020-02-12 20:51:36.097
11604,2021-08-25 23:59:00.000
11605,2020-06-04 14:09:00.000
11606,2020-09-08 23:00:00.000
11607,2021-04-21 17:26:41.777
11608,2016-10-26 19:07:39.493
11609,2021-07-27 06:02:47.500
11610,2022-05-16 12:52:03.063
11611,2021-07-12 18:23:47.000
11612,2022-05-15 01:00:33.243
11613,2022-05-21 07:09:01.010
11614,2019-11-18 19:43:56.127
11615,2018-06-11 23:59:00.000
11616,2021-10-10 10:51:39.077
11617,2022-04-18 18:37:48.000
11618,2022-02-13 17:13:46.000
11619,2020-07-26 18:07:16.820
11620,2014-05-12 19:09:00.000
11621,2014-05-12 22:39:00.000
11622,2021-12-13 19:36:58.383
11623,2015-07-31 13:00:00.000
11624,2022-03-07 18:32:58.110
11625,2016-06-22 18:30:00.000
11626,2022-05-21 07:00:33.683
11627,2021-10-05 19:05:32.573
11628,2020-02-06 08:44:26.000
11629,2022-04-09 20:14:14.887
11630,2017-09-14 00:00:00.000
11631,2021-12-01 15:33:19.690
11632,2021-06-02 14:18:07.620
11633,2022-05-04 15:58:42.000
11634,2022-05-21 05:59:25.000
11635,2015-10-19 23:59:00.000
11636,2019-03-18 17:00:00.000
11637,2018-09-27 22:00:00.000
11638,2018-09-27 17:22:17.857
11639,2021-10-16 08:17:40.597
11640,2019-11-28 23:30:14.067
11641,2022-05-11 17:30:45.843
11642,2019-08-07 14:48:48.930
11643,2022-05-06 16:12:29.333
11644,2021-11-28 20:18:44.930
11645,2022-05-21 07:04:40.000
11646,2021-10-05 06:18:32.600
11647,2019-04-29 10:21:14.637
11648,2021-09-19 14:36:26.483
11649,2018-06-11 23:59:00.000
11650,2019-08-10 15:13:36.580
11651,2019-07-11 13:13:34.637
11652,2021-08-27 16:05:11.000
11653,2021-03-22 09:11:47.957
11654,2019-11-12 19:42:09.273
11655,2021-11-28 15:15:25.807
11656,2018-11-09 10:00:00.000
11657,2014-05-11 08:57:00.000
11658,2021-09-28 19:42:47.310
11659,2022-05-21 06:49:26.000
11660,2022-05-21 06:50:58.000
11661,2021-06-21 18:59:09.000
11662,2021-10-31 13:44:40.023
11663,2022-05-21 06:29:44.000
11664,2022-05-21 06:54:07.000
11665,2019-12-03 15:53:14.763
11666,2014-08-13 14:02:47.007
11667,2020-10-08 15:41:33.673
11668,2018-04-19 23:59:00.000
11669,2020-03-03 20:43:48.560
11670,2022-04-22 19:38:05.550
11671,2019-11-04 16:24:32.973
11672,2022-05-21 06:49:08.000
11673,2021-09-10 18:02:29.827
11674,2022-05-21 07:20:00.000
11675,2020-12-14 23:59:00.000
11676,2022-05-21 08:50:18.240
11677,2022-05-21 08:21:04.410
11678,2022-05-21 09:52:35.000
11679,2022-01-03 17:03:16.077
11680,2022-05-21 08:54:56.000
11724,2022-03-11 02:15:33.213
11725,2019-08-07 14:55:54.000
11726,2022-05-16 00:45:30.000
11727,2019-07-16 10:00:00.000
11728,2022-04-09 06:32:29.410
11729,2022-05-21 06:42:33.000
11730,2022-04-15 17:40:22.663
11732,2018-02-06 09:54:00.000
11733,2019-08-10 23:59:00.000
11734,2020-08-25 12:00:00.000
11735,2019-08-07 19:00:00.000
11736,2019-09-10 14:00:00.000
11737,2019-09-10 18:29:14.303
11739,2020-10-20 17:04:03.190
11740,2021-06-26 06:27:19.000
11741,2021-06-11 08:59:34.000
11742,2020-03-09 23:59:00.000
11743,2021-06-26 05:53:33.123
11744,2018-11-12 22:53:22.310
11745,2021-07-15 08:02:57.000
11746,2021-06-25 08:27:56.000
11747,2019-11-21 23:59:00.000
11748,2021-06-26 07:17:12.000
11749,2019-11-21 23:59:00.000
11750,2020-09-28 07:53:45.000
11751,2018-12-01 23:59:00.000
11752,2019-11-21 23:59:00.000
11753,2021-06-26 05:19:07.660
11754,2019-11-21 23:59:00.000
11755,2021-06-26 05:05:33.000
11756,2019-05-28 05:20:47.430
11757,2019-11-25 23:59:00.000
11758,2021-06-25 02:24:07.917
11759,2021-06-25 05:42:23.000
11760,2019-08-15 10:30:16.000
11761,2019-11-21 23:00:00.000
11762,2020-09-25 04:32:58.000
11763,2020-06-29 23:59:00.000
11764,2021-04-17 04:45:53.877
11765,2018-11-27 23:27:27.000
11766,2020-06-27 23:59:00.000
11767,2021-04-17 21:44:24.887
11768,2018-04-23 23:59:00.000
11769,2018-12-10 05:01:02.000
11770,2019-11-20 07:36:32.000
11771,2019-11-20 07:36:32.000
11772,2021-06-26 06:37:44.893
11773,2018-12-01 23:59:00.000
11774,2021-06-12 08:44:33.000
11775,2021-06-11 07:59:51.000
11777,2019-05-28 03:33:09.000
11778,2020-05-24 04:09:16.543
11779,2018-10-11 00:00:00.000
11780,2019-08-11 20:01:04.840
11782,2020-06-27 23:59:00.000
11783,2021-06-26 09:42:10.000
11784,2021-06-25 00:22:21.000
11785,2019-11-21 23:59:00.000
11786,2020-03-09 23:59:00.000
11787,2021-06-25 05:26:10.437
11789,2019-11-20 08:03:40.617
11790,2019-11-20 08:03:40.617
11791,2019-11-26 23:59:00.000
11792,2021-06-25 01:41:22.000
11794,2020-05-26 06:52:38.327
11795,2020-06-29 23:59:00.000
11796,2021-06-25 04:01:31.040
11797,2020-06-28 23:59:00.000
11798,2020-11-22 06:56:12.000
11799,2021-06-25 08:04:12.000
11800,2020-06-27 23:59:00.000
11801,2020-09-30 08:18:21.000
11803,2020-02-17 23:33:57.970
11804,2019-02-21 00:00:00.000
11805,2019-02-01 23:59:00.000
11806,2019-11-25 03:51:41.000
11807,2020-06-28 05:58:19.000
11808,2019-02-01 23:59:00.000
11809,2019-11-25 02:06:42.000
11810,2018-11-24 09:47:30.723
11811,2019-11-22 00:29:11.677
11812,2019-11-21 23:00:00.000
11813,2019-05-28 05:54:14.000
11814,2019-11-21 23:59:00.000
11815,2021-04-18 03:54:53.000
11817,2021-05-06 03:44:17.000
11818,2020-06-28 23:59:00.000
11819,2019-08-23 23:59:00.000
11820,2021-05-29 07:39:48.340
11821,2021-06-26 06:01:00.000
11822,2021-05-06 06:54:11.503
11823,2019-05-28 01:55:52.000
11824,2021-05-30 07:35:46.000
11825,2021-05-29 09:03:11.167
11826,2019-11-28 06:27:11.000
11827,2019-05-03 22:55:54.157
11828,2019-11-21 23:59:00.000
11829,2020-11-03 06:42:34.000
11831,2021-06-25 07:26:13.000
11832,2020-08-29 23:59:00.000
11833,2021-04-18 04:46:41.000
11834,2019-08-14 12:53:56.000
11835,2018-11-27 23:09:45.000
11836,2019-09-01 23:59:00.000
11837,2019-11-24 22:53:27.000
11838,2019-11-21 23:00:00.000
11839,2021-04-18 04:27:05.000
11840,2020-09-27 06:10:04.000
11841,2021-06-26 07:11:57.703
11842,2019-09-01 23:59:00.000
11843,2020-11-02 23:43:41.000
11844,2020-04-01 23:59:00.000
11845,2021-05-30 07:54:44.670
11846,2018-12-31 23:59:00.000
11847,2020-03-13 06:12:50.000
11848,2019-11-25 00:44:07.000
11849,2020-03-13 23:59:00.000
11850,2021-06-25 05:57:45.000
11852,2021-05-05 23:41:46.000
11853,2019-11-21 23:59:00.000
11854,2021-05-30 06:53:20.477
11855,2021-06-11 08:31:05.000
11856,2020-11-02 12:28:45.000
11857,2019-09-28 23:59:00.000
11858,2021-05-30 08:43:44.517
11859,2018-11-28 00:05:14.000
11860,2019-11-25 02:25:34.000
11863,2020-01-07 08:38:22.887
11864,2021-06-20 19:54:00.000
11865,2016-12-19 14:30:00.000
11866,2019-02-20 23:59:00.000
11867,2021-10-25 18:38:31.000
11868,2017-08-12 20:40:20.667
11869,2018-10-18 08:25:42.323
11870,2022-04-29 15:56:09.000
11871,2019-07-19 23:59:00.000
11872,2020-08-05 13:22:44.000
11873,2022-03-11 00:39:05.470
11874,2020-10-20 08:00:00.000
11875,2019-04-05 18:00:00.000
11876,2020-06-29 23:59:00.000
11877,2021-06-25 06:35:02.730
11878,2020-05-27 23:59:00.000
11879,2019-11-26 04:25:28.000
11880,2020-05-20 04:00:00.000
11881,2021-06-11 08:29:55.000
11882,2019-02-02 10:57:30.000
11883,2019-11-25 02:53:33.000
11884,2020-03-09 23:59:00.000
11885,2021-06-11 09:01:39.000
11886,2019-11-21 23:59:00.000
11887,2020-03-09 23:59:00.000
11888,2021-06-25 04:58:48.000
11889,2014-09-08 12:09:54.900
11890,2022-02-02 18:02:05.590
11891,2021-09-08 15:16:45.000
11892,2019-08-02 15:00:00.000
11893,2021-10-20 17:02:21.000
11894,2022-04-26 18:15:53.000
11895,2019-11-22 22:54:08.000
11896,2021-10-08 17:44:03.000
11897,2020-07-13 22:23:25.000
11898,2021-04-18 05:29:15.000
11899,2022-05-21 05:25:18.000
11900,2022-05-21 06:25:18.000
11902,2022-05-17 04:36:39.000
11903,2021-01-15 18:00:00.000
11904,2021-05-06 02:24:38.000
11905,2019-03-26 21:25:11.533
11906,2018-05-16 06:22:20.000
11907,2018-05-16 05:40:13.000
11908,2019-08-14 00:18:55.250
11909,2020-07-01 17:41:27.000
11910,2019-08-16 05:51:16.443
11911,2020-04-15 07:26:13.000
11912,2021-05-06 01:47:49.000
11913,2019-08-13 07:49:53.447
11914,2021-05-19 00:24:49.000
11915,2021-11-10 19:45:00.000
11916,2022-05-21 06:14:08.000
11917,2022-04-17 15:08:21.093
11919,2021-10-12 17:24:19.010
11920,2022-05-21 06:49:06.000
11921,2022-05-21 07:06:18.000
11922,2021-10-14 12:00:00.000
11923,2021-10-04 21:00:00.000
11924,2021-09-30 12:00:00.000
11925,2021-09-17 23:00:00.000
11926,2021-10-02 12:00:00.000
11927,2021-09-25 12:00:00.000
11928,2021-06-01 23:59:00.000
11929,2021-10-31 23:59:00.000
11930,2022-01-18 00:00:00.000
11931,2021-11-17 13:43:51.507
11932,2021-04-15 23:59:00.000
11933,2021-04-02 09:02:00.000
11934,2020-02-07 01:00:00.000
11935,2020-03-13 23:43:57.000
11936,2018-07-09 21:10:00.000
11937,2021-05-27 16:00:00.000
11938,2022-04-28 17:42:58.437
11939,2022-05-21 06:46:18.267
11940,2021-11-15 17:22:43.000
11941,2021-06-20 19:55:00.000
11942,2016-10-29 17:00:00.000
11943,2019-10-24 23:59:00.000
11944,2016-10-30 11:30:00.000
11945,2021-06-29 03:45:00.000
11946,2022-05-21 06:54:26.000
11947,2022-05-17 22:06:09.000
11948,2021-08-10 03:58:47.687
11949,2022-04-28 16:01:35.337
11950,2021-11-03 18:22:08.000
11951,2016-04-28 12:25:00.000
11952,2020-10-29 04:44:39.297
11953,2022-05-21 06:17:42.000
11954,2014-12-31 00:00:00.000
11955,2020-11-18 13:16:50.497
11956,2022-05-21 06:49:07.000
11957,2019-11-21 23:59:00.000
11958,2019-11-23 01:30:30.000
11959,2019-11-25 05:17:20.413
11961,2021-09-14 07:55:33.870
11962,2019-04-03 23:59:00.000
11963,2019-06-12 08:21:26.000
11964,2019-04-03 23:59:00.000
11965,2019-06-12 08:04:42.000
11966,2019-06-12 00:08:56.333
11967,2019-06-12 02:21:24.217
11968,2019-06-12 04:30:28.000
11969,2019-06-12 04:24:28.513
11970,2019-06-12 04:17:47.000
11971,2019-06-12 03:49:13.670
11972,2019-06-12 07:40:08.000
11973,2019-06-27 00:18:00.000
11974,2018-08-25 01:41:42.000
11975,2018-08-23 04:32:28.543
11976,2018-09-21 14:54:00.000
11977,2019-11-22 15:34:25.000
11978,2021-11-23 19:59:03.453
11979,2016-12-22 00:00:00.000
11980,2018-06-23 18:56:00.000
11981,2019-08-17 21:36:15.000
11982,2020-08-04 23:59:00.000
11983,2022-01-20 14:49:29.000
11984,2020-02-05 01:28:45.233
11985,2020-02-05 01:38:24.000
11986,2020-10-25 22:52:14.060
11987,2022-03-13 17:16:07.420
11988,2020-02-05 03:28:39.000
11989,2021-06-11 07:41:54.900
11990,2019-11-26 03:14:43.000
11991,2019-11-21 23:59:00.000
11992,2021-06-26 03:31:38.313
11993,2020-06-27 23:59:00.000
11994,2020-09-27 06:25:54.087
11995,2020-02-05 22:32:22.000
11996,2020-02-04 23:39:10.000
11997,2021-04-27 11:12:45.000
11998,2018-11-27 23:43:27.000
11999,2021-05-06 02:13:54.000
12000,2020-11-25 23:59:00.000
12001,2021-11-10 18:56:13.583
12002,2020-10-15 23:59:00.000
12003,2021-05-08 09:29:10.000
12004,2022-05-10 14:49:00.187
12006,2018-10-15 00:00:00.000
12007,2021-10-19 17:10:00.000
12008,2019-10-03 00:00:00.000
12009,2021-02-22 21:47:04.000
12010,2022-04-28 22:40:22.000
12011,2020-02-04 08:38:29.727
12013,2021-08-02 12:44:47.000
12014,2021-08-02 12:57:53.000
12015,2021-08-02 12:44:04.000
12016,2021-08-02 12:44:07.000
12020,2021-08-02 12:44:05.000
12023,2021-08-02 12:44:03.000
12024,2021-08-02 12:44:08.000
12027,2021-08-02 12:44:10.000
12028,2021-08-02 12:44:07.000
12030,2021-07-09 16:46:18.000
12031,2021-08-02 12:44:04.000
12032,2021-08-02 12:44:09.000
12034,2021-07-30 13:42:40.000
12035,2021-08-02 12:44:10.000
12036,2021-08-02 12:57:43.000
12037,2022-05-21 06:49:07.000
12038,2020-05-29 23:59:00.000
12039,2021-06-26 02:48:41.000
12041,2021-06-12 07:16:10.890
12042,2021-06-26 05:31:36.000
12043,2021-06-12 07:56:28.000
12044,2021-06-26 09:08:33.000
12045,2021-04-18 04:41:28.000
12046,2021-06-26 03:09:26.000
12047,2019-01-18 20:19:08.563
12048,2022-02-26 13:47:27.797
12049,2019-11-21 23:59:00.000
12050,2020-09-24 06:31:10.877
12051,2020-06-29 23:59:00.000
12052,2021-06-25 06:25:19.000
12053,2020-02-04 22:43:38.983
12054,2020-02-04 22:20:59.237
12055,2022-05-21 06:25:36.963
12056,2021-01-15 16:24:53.147
12057,2021-06-26 06:45:35.000
12058,2021-05-06 23:54:37.670
12059,2019-11-20 23:19:06.000
12060,2020-03-13 23:59:00.000
12061,2021-06-26 08:38:30.000
12062,2019-11-26 04:54:42.437
12063,2019-11-26 04:54:42.437
12064,2021-06-05 22:33:00.000
12065,2018-11-26 06:33:38.483
12066,2019-11-21 23:59:00.000
12067,2020-09-26 00:19:40.000
12068,2022-04-28 20:35:01.290
12069,2022-05-21 09:12:20.530
12070,2019-07-04 23:59:00.000
12071,2022-05-21 06:25:49.000
12072,2019-05-31 20:54:07.000
12073,2019-11-21 23:59:00.000
12074,2020-09-27 00:57:28.000
12075,2019-02-01 23:59:00.000
12076,2020-06-29 23:59:00.000
12077,2021-06-26 07:45:26.333
12078,2019-11-28 05:42:26.000
12079,2019-11-21 23:59:00.000
12080,2021-04-18 06:33:12.000
12081,2019-11-21 23:59:00.000
12082,2021-06-25 01:00:57.000
12083,2019-11-21 23:59:00.000
12084,2021-06-25 05:55:15.000
12085,2019-11-20 06:34:57.000
12086,2021-05-29 06:23:21.000
12088,2018-12-31 23:59:00.000
12089,2019-11-21 23:00:00.000
12090,2021-06-25 05:23:34.000
12091,2018-11-27 08:29:27.000
12092,2021-04-15 23:59:00.000
12093,2019-05-16 16:00:00.000
12094,2018-09-14 17:00:00.000
12095,2020-06-27 23:59:00.000
12096,2021-05-07 08:08:04.000
12097,2022-05-21 08:21:45.000
12098,2019-05-28 04:07:15.257
12099,2021-05-07 03:40:28.000
12100,2022-05-20 22:52:51.000
12101,2017-10-31 23:59:00.000
12102,2014-12-09 00:00:00.000
12103,2015-11-09 00:00:00.000
12104,2021-11-15 16:06:33.223
12105,2022-05-21 06:54:26.000
12106,2020-08-28 12:00:00.000
12107,2021-10-01 11:20:00.000
12108,2018-08-15 19:51:00.000
12109,2019-09-10 14:00:00.000
12110,2021-07-18 17:30:54.000
12111,2021-06-10 23:59:00.000
12112,2021-06-10 23:59:00.000
12113,2021-06-10 23:59:00.000
12114,2021-07-18 17:15:18.000
12115,2021-07-18 17:03:49.000
12116,2021-06-10 23:59:00.000
12117,2018-10-07 12:00:00.000
12118,2019-09-30 00:00:00.000
12119,2022-05-21 06:59:02.000
12120,2021-07-27 15:00:00.000
12121,2016-08-05 00:00:00.000
12122,2020-09-08 09:10:02.143
12123,2022-04-26 14:50:53.000
12124,2022-05-21 02:44:26.000
12125,2021-04-15 23:59:00.000
12126,2022-05-21 06:22:59.417
12127,2020-09-09 00:00:00.000
12128,2022-05-21 06:55:59.000
12129,2022-04-14 22:15:10.387
12130,2019-12-02 21:00:00.000
12131,2022-04-15 12:28:05.363
12132,2018-09-05 22:13:24.060
12133,2021-06-08 23:34:00.250
12134,2021-10-31 23:50:00.000
12135,2022-04-27 21:06:40.887
12136,2022-04-26 18:39:19.383
12137,2022-05-21 06:39:39.400
12138,2022-05-21 06:54:06.000
12139,2022-05-21 06:37:32.027
12140,2020-10-14 13:17:55.000
12141,2020-02-05 09:33:37.000
12142,2021-08-07 05:16:38.000
12143,2022-05-21 07:40:13.323
12145,2021-11-14 11:42:31.383
12146,2021-08-05 12:00:00.000
12147,2021-08-05 18:00:00.000
12148,2022-05-18 18:07:34.000
12149,2020-02-06 02:54:16.000
12150,2015-09-30 14:30:00.000
12151,2020-08-07 16:16:10.133
12152,2019-10-02 22:40:00.000
12153,2022-04-18 16:21:02.987
12154,2020-12-04 16:55:55.893
12155,2022-01-20 08:53:44.000
12156,2016-08-19 00:00:00.000
12157,2018-10-12 23:59:00.000
12158,2019-11-18 16:30:00.000
12159,2021-11-30 22:34:47.343
12160,2021-05-09 14:29:00.000
12161,2018-11-13 23:59:00.000
12162,2019-11-09 21:54:48.633
12163,2015-09-03 19:43:37.487
12164,2014-08-27 00:00:00.000
12165,2021-10-28 14:42:25.000
12166,2019-08-15 20:57:11.000
12167,2021-06-12 23:59:00.000
12169,2022-05-21 06:56:00.000
12170,2021-03-25 23:59:00.000
12171,2018-09-06 18:30:00.000
12172,2019-09-18 18:32:25.000
12173,2018-10-29 23:45:00.000
12174,2018-12-19 18:30:00.000
12175,2021-07-06 15:00:00.000
12176,2021-11-23 15:39:56.000
12177,2015-05-05 00:00:00.000
12178,2015-04-13 17:30:00.000
12179,2022-03-28 14:41:42.000
12180,2022-05-21 05:47:35.053
12181,2020-10-27 17:27:19.543
12182,2021-07-01 01:56:47.140
12183,2021-07-12 09:00:00.000
12184,2022-04-20 08:11:41.000
12185,2020-10-31 22:29:57.000
12186,2019-10-09 14:25:21.000
12187,2020-10-30 15:01:55.087
12188,2022-05-21 06:44:04.000
12189,2021-09-08 16:33:02.000
12190,2021-04-13 23:59:00.000
12191,2021-08-10 10:05:01.060
12192,2022-05-21 06:44:06.000
12193,2020-11-25 23:59:00.000
12194,2016-10-27 23:59:00.000
12195,2020-09-22 06:47:25.000
12196,2021-11-15 16:19:23.000
12197,2020-11-25 23:59:00.000
12198,2021-02-19 03:35:01.860
12199,2022-05-21 06:49:07.000
12200,2015-10-01 00:00:00.000
12201,2021-05-31 15:14:42.000
12202,2022-05-21 05:29:21.927
12203,2022-05-21 06:01:11.430
12204,2015-07-28 00:00:00.000
12205,2015-04-14 00:00:00.000
12206,2015-10-14 00:00:00.000
12207,2019-08-22 18:32:48.503
12209,2018-01-03 23:59:00.000
12210,2018-01-03 23:59:00.000
12211,2021-08-04 17:00:00.000
12212,2021-08-04 17:00:00.000
12213,2021-08-04 17:00:00.000
12214,2018-01-11 16:00:00.000
12215,2020-04-30 16:00:00.000
12216,2022-01-18 19:07:36.000
12217,2020-11-25 23:59:00.000
12218,2021-11-15 16:02:25.000
12219,2022-04-28 19:35:11.000
12220,2022-05-21 06:32:42.000
12221,2021-04-15 23:59:00.000
12222,2015-10-26 06:50:38.693
12223,2021-03-05 19:00:00.000
12224,2020-10-20 15:17:01.027
12225,2014-11-25 00:00:00.000
12226,2016-05-24 00:00:00.000
12227,2020-10-20 15:17:01.027
12228,2021-04-15 23:59:00.000
12229,2021-11-16 13:50:10.000
12230,2022-05-21 06:40:58.000
12231,2020-10-21 06:41:29.000
12232,2018-08-30 19:57:52.737
12233,2021-07-07 13:08:16.553
12234,2020-10-20 17:04:03.190
12235,2019-11-19 23:59:00.000
12236,2021-09-08 14:33:37.000
12237,2019-12-09 23:34:52.730
12238,2020-02-05 23:58:14.000
12239,2020-02-06 00:38:40.000
12240,2015-11-25 16:30:00.000
12241,2016-04-08 15:20:00.000
12242,2021-12-02 14:22:00.000
12243,2018-10-03 18:29:00.000
12245,2022-05-10 02:37:19.387
12246,2020-02-05 00:59:16.000
12247,2020-02-05 00:34:17.000
12248,2022-01-29 22:35:10.000
12249,2020-05-15 23:40:35.670
12250,2020-11-25 23:59:00.000
12251,2021-11-12 04:34:39.503
12252,2019-10-03 02:00:00.000
12253,2022-05-21 06:44:06.000
12254,2022-05-21 06:49:08.000
12255,2020-10-15 18:59:42.000
12256,2020-10-15 18:59:42.000
12257,2021-10-16 15:00:00.000
12258,2022-05-21 06:29:20.000
12259,2022-05-19 21:03:32.683
12260,2022-05-21 06:44:06.000
12261,2021-06-10 23:59:00.000
12262,2021-07-18 18:01:47.000
12263,2015-10-11 16:00:00.000
12265,2014-10-01 00:00:00.000
12266,2018-07-09 12:00:00.000
12267,2014-01-01 00:00:00.000
12268,2015-12-14 00:00:00.000
12269,2020-10-21 15:19:09.687
12270,2020-11-25 23:59:00.000
12271,2018-01-11 23:59:00.000
12272,2019-03-09 23:27:20.510
12273,2022-04-29 13:51:42.807
12274,2018-11-26 16:00:00.000
12275,2021-09-13 21:02:48.267
12276,2019-08-01 23:59:00.000
12277,2019-08-15 21:58:15.483
12278,2021-11-24 12:18:32.103
12279,2020-01-06 14:29:33.767
12280,2018-08-15 15:01:08.290
12281,2022-05-01 07:44:31.000
12282,2020-05-28 17:51:20.880
12283,2022-01-23 22:11:22.000
12284,2020-02-04 08:57:11.000
12285,2019-05-05 21:00:00.000
12286,2019-07-13 22:10:00.000
12287,2019-09-09 01:00:00.000
12288,2021-11-27 12:59:56.343
12289,2017-11-14 23:59:00.000
12290,2019-10-02 13:45:46.707
12291,2019-06-19 17:00:00.000
12292,2022-05-21 06:31:16.000
12293,2020-09-05 11:39:53.000
12294,2020-07-10 17:19:27.440
12295,2022-05-21 07:04:08.000
12296,2019-09-10 23:00:00.000
12297,2022-04-10 16:20:35.000
12298,2017-06-08 00:00:00.000
12299,2022-05-15 06:56:59.000
12300,2021-10-14 13:41:51.000
12301,2021-11-15 11:56:38.190
12302,2021-10-17 14:52:10.103
12303,2022-05-21 06:59:22.000
12304,2022-05-21 06:49:26.000
12305,2022-05-21 06:35:39.000
12306,2022-05-21 06:49:26.000
12307,2018-06-11 23:59:00.000
12308,2017-06-07 23:59:00.000
12309,2022-05-10 02:43:03.947
12310,2014-11-24 00:00:00.000
12311,2020-11-03 17:35:53.073
12312,2020-11-25 23:59:00.000
12313,2022-05-21 06:59:48.000
12314,2020-03-17 15:57:29.490
12315,2022-05-20 21:44:26.000
12316,2021-05-31 23:59:00.000
12317,2020-02-05 06:30:18.000
12318,2014-12-31 00:00:00.000
12320,2016-12-15 23:30:26.000
12321,2022-05-04 16:32:33.530
12322,2020-08-11 17:00:00.000
12323,2020-08-11 16:39:46.000
12324,2020-08-11 17:00:00.000
12325,2020-08-11 17:00:00.000
12326,2019-08-07 15:28:12.000
12327,2019-08-07 15:27:51.000
12328,2020-07-22 02:24:36.020
12329,2019-08-07 19:00:00.000
12330,2020-08-09 20:18:00.070
12331,2020-08-11 17:00:00.000
12332,2020-08-11 17:00:00.000
12333,2020-08-11 17:00:00.000
12334,2020-08-09 17:00:00.000
12335,2019-08-07 15:47:30.737
12336,2020-08-10 17:00:00.000
12337,2020-08-05 17:00:00.000
12338,2020-05-23 06:15:00.000
12339,2019-09-18 18:00:00.000
12340,2021-10-15 19:00:00.000
12341,2022-05-21 06:44:07.000
12342,2020-07-13 18:04:16.327
12343,2021-07-18 16:14:00.000
12344,2021-12-13 23:00:00.000
12345,2021-12-13 23:00:00.000
12346,2022-04-15 19:43:01.777
12347,2018-05-15 17:00:00.000
12348,2017-05-21 14:00:00.000
12349,2015-11-02 23:59:00.000
12350,2020-02-06 03:29:47.567
12351,2017-05-24 00:00:00.000
12352,2017-01-04 15:00:00.000
12353,2022-04-12 12:32:18.727
12354,2022-05-21 06:10:29.600
12355,2018-09-13 23:59:00.000
12356,2022-01-21 19:13:07.037
12357,2022-04-26 14:40:43.000
12358,2019-05-04 23:59:00.000
12359,2021-10-27 23:59:00.000
12360,2019-11-04 20:00:00.000
12361,2022-01-27 16:45:42.847
12362,2019-08-15 22:49:37.067
12363,2021-04-15 23:59:00.000
12364,2022-05-21 07:09:03.000
12365,2020-08-19 18:00:00.000
12366,2021-04-21 13:00:00.000
12367,2022-05-21 07:49:57.000
12368,2021-12-23 05:47:45.463
12369,2021-12-23 06:59:06.000
12370,2022-05-21 06:59:06.000
12371,2021-06-18 00:00:00.000
12372,2022-04-27 18:29:33.977
12373,2022-05-21 09:52:44.747
12374,2022-05-21 06:24:21.000
12378,2022-05-21 06:45:44.087
12386,2022-05-21 06:49:26.000
12387,2022-05-21 06:44:25.000
12388,2022-05-21 06:44:16.000
12389,2022-05-16 00:02:18.193
12390,2015-07-09 00:00:00.000
12391,2014-10-23 00:00:00.000
12392,2019-08-23 20:04:13.437
12393,2016-09-06 00:00:00.000
12394,2015-09-11 00:00:00.000
12395,2015-09-21 00:00:00.000
12396,2015-09-07 10:04:22.067
12397,2016-09-07 00:00:00.000
12398,2014-11-02 00:00:00.000
12399,2015-08-13 00:00:00.000
12400,2018-03-17 08:00:00.000
12401,2020-03-18 03:50:16.353
12402,2015-10-20 00:00:00.000
12403,2017-09-14 22:49:30.400
12404,2017-04-23 12:00:00.000
12405,2017-08-09 17:14:19.777
12406,2014-10-13 00:00:00.000
12408,2016-07-29 18:10:00.000
12409,2014-02-28 15:37:00.000
12410,2017-09-04 00:00:00.000
12411,2017-09-08 00:00:00.000
12413,2016-08-12 16:30:00.000
12414,2018-02-14 12:00:00.000
12415,2019-01-22 22:54:12.000
12416,2022-05-21 07:07:11.623
12417,2022-05-21 06:25:19.850
12419,2022-05-21 06:56:20.100
12420,2022-05-03 22:00:00.000
12421,2022-05-21 07:38:20.000
12424,2022-04-06 11:34:30.440
12425,2021-12-30 00:36:00.477
12426,2022-01-27 14:53:09.377
12427,2022-04-04 10:00:00.000
12429,2021-08-18 13:31:20.847
12430,2022-01-30 18:33:32.000
12431,2022-05-21 06:44:06.000
12432,2021-11-06 21:21:00.000
12433,2021-10-28 00:00:00.000
12434,2022-05-21 06:54:01.000
12435,2022-05-21 06:31:17.000
12436,2022-05-21 06:17:48.017
12437,2022-05-21 06:44:25.000
12438,2022-03-22 18:07:02.000
12439,2022-05-21 06:49:22.000
12440,2022-05-21 06:43:24.793
12441,2022-05-21 06:45:26.000
12443,2022-05-21 06:39:26.000
12444,2022-05-21 06:49:24.000
12445,2022-05-21 06:44:21.000
12446,2022-05-21 06:18:22.000
12447,2022-05-21 07:07:54.000
12448,2022-05-21 06:49:00.000
12449,2022-04-26 00:19:35.000
12451,2021-12-12 17:29:48.000
12453,2022-05-21 06:39:53.000
12454,2022-05-21 06:44:00.000
12455,2022-05-21 06:49:02.000
12456,2022-02-27 20:34:42.000
12457,2022-05-21 06:44:07.000
12458,2022-05-20 04:39:00.877
12459,2022-05-21 06:59:07.000
12460,2022-02-27 00:00:00.000
12461,2022-05-21 06:14:26.000
12462,2022-03-06 23:24:00.000
12463,2022-03-09 19:39:00.000
12464,2022-04-29 12:58:17.893
12465,2022-04-29 12:13:16.503
12466,2022-05-06 13:40:43.000
12468,2022-05-20 01:24:46.230
12469,2022-05-18 19:18:02.000
12470,2022-04-29 12:34:40.370
12471,2022-04-23 16:30:00.000
12472,2022-04-29 12:41:05.000
12473,2022-04-29 12:56:20.637
12474,2022-04-29 12:50:03.340
12475,2022-04-29 12:50:45.783
12476,2022-04-29 12:40:54.443
12477,2022-03-23 15:14:00.000
12478,2022-04-29 12:31:49.593
12479,2022-03-23 04:29:26.903
12480,2022-04-29 13:30:32.973
12481,2022-04-17 14:05:24.000
12482,2022-04-16 21:45:00.000
12483,2022-04-29 13:56:42.490
12484,2022-04-29 13:51:49.260
12485,2022-03-15 22:31:00.000
12486,2022-04-29 13:37:30.733
12487,2021-04-20 22:04:12.000
12490,2022-05-21 06:44:02.000
12492,2022-04-29 12:14:36.477
12493,2022-04-29 13:39:35.000
12495,2022-05-21 06:44:26.000
12497,2022-05-21 06:49:26.000
12499,2021-06-02 03:34:30.000
12500,2022-05-15 17:02:25.000
12501,2022-05-21 04:44:26.000
12502,2022-05-21 07:04:25.000
12503,2022-04-29 12:17:15.310
12504,2022-05-21 06:44:26.000
12508,2022-03-22 14:49:28.000
12509,2022-05-21 06:17:02.000
12510,2022-05-21 06:30:08.217
12511,2022-05-21 07:09:58.207
12512,2022-05-20 20:18:20.587
12513,2022-03-22 11:44:28.000
12514,2022-04-16 07:40:55.460
12516,2022-05-21 06:55:04.000
12517,2021-01-06 05:01:28.850
12518,2022-05-21 03:54:55.393
12519,2022-05-21 06:33:16.000
12520,2022-05-17 11:21:13.000
12521,2022-05-21 06:16:55.813
12522,2022-04-08 18:38:00.000
12523,2022-05-17 01:20:41.000
12524,2022-05-07 19:56:16.000
12530,2022-05-21 05:39:57.273
12534,2022-05-21 06:44:03.000
12535,2021-09-04 02:16:33.107
12536,2022-04-20 12:00:00.000
12537,2022-05-21 06:19:25.000
12538,2022-05-21 06:49:27.000
12539,2022-05-21 06:32:42.827
12540,2022-04-29 13:26:11.943
12541,2022-04-24 18:38:23.200
12542,2022-01-21 18:21:04.000
12544,2022-02-04 18:17:15.000
12546,2022-02-09 15:11:49.000
12547,2022-05-21 06:11:00.000
12548,2022-04-29 13:42:41.747
12549,2022-04-29 12:26:09.897
12550,2022-04-29 12:08:27.117
12551,2021-01-01 00:00:00.000
12553,2022-05-10 06:00:00.000
12554,2022-05-18 17:09:05.000
12555,2022-05-03 17:42:01.000
12557,2022-05-04 05:29:51.000
12559,2022-05-21 06:08:18.507
12560,2022-05-12 12:25:37.067
12561,2022-05-19 20:25:11.287
12562,2022-05-21 06:44:00.000
12564,2022-05-21 07:00:51.413
12567,2022-05-11 09:44:19.000
12569,2022-05-21 06:24:27.000
12570,2022-05-21 06:49:29.000
12571,2022-05-19 05:21:14.000
12573,2022-05-19 18:02:34.000
12576,2022-05-21 08:00:05.857
12577,2022-05-06 12:00:00.000
12578,2022-05-18 07:01:32.243
12579,2021-12-08 15:30:25.000
12581,2022-05-21 06:49:11.000
12583,2022-05-20 18:18:00.783
12584,2022-05-13 17:54:47.000
12585,2022-05-10 16:41:26.570
12586,2022-05-21 06:13:33.000
12587,2022-05-12 18:35:03.900
12588,2022-05-21 07:01:02.000
12589,2022-05-21 06:51:57.000
12590,2020-06-20 17:01:50.963
12594,2022-05-21 07:04:07.000
12595,2022-05-21 06:35:10.000
12597,2022-05-21 06:34:23.000