sensorID,serialNumber
2049,NULL
3905,CTT-02F54E43C375
4014,CTT-04883BC5882D
3893,CTT-052B9D416332
4011,CTT-0BAB250B0059
3996,CTT-0DA90EDBCB1A
3972,CTT-106A02AABC63
3911,CTT-141CD838369F
3986,CTT-169DD9A97C7F
3912,CTT-1770F7A111BB
3913,CTT-18E6AFC445C3
3936,CTT-1B51CADBC2EF
3995,CTT-1D62CC9F5F9E
3906,CTT-1E45B4CB7F46
3894,CTT-1F37905AE0DB
3841,CTT-201912326462
3992,CTT-204583DCC5D9
3914,CTT-2512EF9F55F4
3915,CTT-25E69BBEA4AD
3997,CTT-26D6F0779024
3937,CTT-27532C924059
3987,CTT-2A5C854FDA7C
3895,CTT-2C7E930A32CA
3938,CTT-2E739BBFF797
3939,CTT-2EE41E27E49C
3940,CTT-39B99EDBFFFC
3982,CTT-3BB603397EE4
3941,CTT-3C9873F4B04E
3916,CTT-4146B772AF7D
3896,CTT-4681BCC7B72B
3942,CTT-5031194D3168
3993,CTT-5546E9790DF4
3917,CTT-56EEA786B090
3918,CTT-595E0609FDED
3907,CTT-59DC2F21328B
3891,CTT-6047CC0B70A3
3919,CTT-62EB4A46AB90
3999,CTT-680C4C95BFF4
3667,CTT-687459049265267
3892,CTT-69EE80C6236A
3920,CTT-7F7AF6FD3601
4002,CTT-85EA62781F60
3611,CTT-867459049219710
3605,CTT-867459049219769
3567,CTT-867459049219843
3500,CTT-867459049219876
3383,CTT-867459049219884
3420,CTT-867459049220189
3493,CTT-867459049220262
3288,CTT-867459049265267
3723,CTT-867459049265507
3727,CTT-867459049265507
3332,CTT-867459049265671
3531,CTT-867459049271018
3541,CTT-867459049271059
3636,CTT-867459049271059
3721,CTT-867459049273493
3739,CTT-867459049273626
3325,CTT-867459049273691
3460,CTT-867459049273717
4025,CTT-867459049273777
3358,CTT-867459049273832
3556,CTT-867459049274095
3720,CTT-867459049274186
3533,CTT-867459049274475
3535,CTT-867459049274566
3967,CTT-867459049274707
3806,CTT-867459049274871
3331,CTT-867459049274913
3717,CTT-867459049274913
3635,CTT-867459049275019
3333,CTT-867459049275027
3587,CTT-867459049275365
4009,CTT-867459049276207
3715,CTT-867459049276215
3379,CTT-867459049276348
3976,CTT-867459049276355
3615,CTT-867459049297369
3735,CTT-867459049297369
3604,CTT-867459049297419
3554,CTT-867459049297427
3534,CTT-867459049297435
3384,CTT-867459049297450
3752,CTT-867459049297468
3555,CTT-867459049297682
3490,CTT-867459049297708
3751,CTT-867459049297716
3452,CTT-867459049297740
3494,CTT-867459049297757
3351,CTT-867459049297849
3496,CTT-867459049297880
3960,CTT-867459049297922
3749,CTT-867459049297930
3617,CTT-867762040710391
3750,CTT-867762040716224
3673,CTT-867762040716513
3730,CTT-867762040717750
3714,CTT-867762040727353
3776,CTT-867762040731017
3921,CTT-86BC6CD43E43
3943,CTT-8790F53B6CF3
3944,CTT-87C77C759BBF
3945,CTT-8844392FDE05
3922,CTT-8D68D7D8EE2E
3908,CTT-908421D382C8
4016,CTT-912EAEBB71F5
3909,CTT-957865AC5BF7
3923,CTT-96ADB4231B06
3953,CTT-97FB9AB20E31
3971,CTT-9879DF3C9241
4001,CTT-A364F82207EC
3985,CTT-A3E5DB730485
4010,CTT-A4AF26CBD816
3924,CTT-A4EFE1E51B38
3973,CTT-A54C15BD3083
3925,CTT-A794E5CA2CE4
3954,CTT-A8D3250A4A97
3946,CTT-AE44767B1CC3
4017,CTT-B050EC6F7787
3994,CTT-B06D27D7B6D1
3983,CTT-B0ED7D47B60C
3980,CTT-B1727ED556D8
3904,CTT-B920B56727D8
3926,CTT-B92DDF9B5427
4000,CTT-BDBE9C27FA02
3910,CTT-C0612F7F986B
4027,CTT-C1EA5D622248
3947,CTT-C30B728A1BCD
3927,CTT-CAF1AC445928
3984,CTT-CB96523E88E7
4012,CTT-CB9A196520E9
3948,CTT-CC506A073F27
3955,CTT-CDE43745B223
3928,CTT-CED23BFBD64F
3929,CTT-CEE71D75130F
3897,CTT-D1938E593DCF
3998,CTT-D3177219A3F8
3949,CTT-D53C7198C4F0
3979,CTT-D5814733BF65
3898,CTT-D6742548A8BD
3899,CTT-DA63C3392B44
3930,CTT-DC15EBA4B31E
3990,CTT-DEC502C4C7F9
3931,CTT-E0AEB7A1CE3A
3900,CTT-E41D2E922EAD
3901,CTT-E4921F5C7E7D
3932,CTT-E590CFC9F356
4013,CTT-E65ECEE2879C
3933,CTT-E7BE27B8582A
3991,CTT-E83EC716F041
3989,CTT-E8D5CC231B00
3950,CTT-E91F83776412
3974,CTT-EAB0D44AB098
3988,CTT-EC0B3F446AD2
3934,CTT-EE2B5751C976
3981,CTT-F02176D79328
3968,CTT-F0C333DDFB45
4015,CTT-F2A30EEEF7CA
3951,CTT-F2B981B73FE3
3903,CTT-F39C813B3D1A
3902,CTT-F9CDF0C99E83
3935,CTT-FAFFF864EC3E
1743,Lotek-158
1403,Lotek-159
2152,Lotek-159
1408,Lotek-160
1400,Lotek-161
2378,Lotek-161
1402,Lotek-162
2153,Lotek-162
1407,Lotek-163
1405,Lotek-164
1404,Lotek-165
1334,Lotek-174
1378,Lotek-175
1377,Lotek-176
1379,Lotek-177
1335,Lotek-178
1503,Lotek-179
1789,Lotek-181
1463,Lotek-220
1462,Lotek-221
2241,Lotek-223
1471,Lotek-224
1461,Lotek-225
2160,Lotek-261
2159,Lotek-264
2158,Lotek-265
2434,Lotek-266
1745,Lotek-267
1744,Lotek-268
1676,Lotek-269
1360,Lotek-270
1592,Lotek-270_1
2032,Lotek-279
2031,Lotek-280
1669,Lotek-312
2503,Lotek-313
1698,Lotek-314
1670,Lotek-315
2184,Lotek-343
2161,Lotek-345
2030,Lotek-357
1894,Lotek-358
1787,Lotek-359
2138,Lotek-361
1756,Lotek-370
1976,Lotek-371
1760,Lotek-372
1759,Lotek-373
1867,Lotek-374
1974,Lotek-375
1864,Lotek-379
1865,Lotek-380
1862,Lotek-381
1758,Lotek-382
1868,Lotek-383
1979,Lotek-384
1870,Lotek-385
1863,Lotek-386
1977,Lotek-387
1869,Lotek-389
1866,Lotek-390
1746,Lotek-416
1747,Lotek-417
2088,Lotek-439
2171,Lotek-440
2204,Lotek-441
2091,Lotek-442
1542,Lotek-6282
2008,Lotek-6283
2020,Lotek-6283
2243,Lotek-6293
2009,Lotek-6296
2013,Lotek-6296
2010,Lotek-6303
2012,Lotek-6303
1540,Lotek-6312
2242,Lotek-6325
3302,Lotek-6325
2245,Lotek-6329
1320,Lotek-6343
1393,Lotek-6345
1774,Lotek-6345
1321,Lotek-6347
1468,Lotek-6352
2250,Lotek-6371
495,Lotek-6448
1469,Lotek-6454
1470,Lotek-6455
1456,Lotek-6457
1466,Lotek-6458
1464,Lotek-6460
1460,Lotek-6461
1925,Lotek-6462
4018,Lotek-6463
1454,Lotek-6464
1459,Lotek-6517
1455,Lotek-6532
1457,Lotek-6533
3261,Lotek-6535
1458,Lotek-6544
1472,Lotek-6545
1451,Lotek-6546
2648,Lotek-668
3131,Lotek-687
3581,Lotek-687
3316,Lotek-774
1582,Lotek-8121
1374,Lotek-8198
1319,Lotek-8203
1323,Lotek-8204
1611,Lotek-8204
1326,Lotek-8205
1322,Lotek-8206
1318,Lotek-8207
1375,Lotek-8282
1324,Lotek-8372
1325,Lotek-8373
2448,Lotek-D000000
3377,Lotek-D000163
3000,Lotek-D000360
2373,Lotek-D000426
2232,Lotek-D000427
2281,Lotek-D000438
2370,LOTEK-D000439
2367,LOTEK-D000440
2374,LOTEK-D000441
2379,LOTEK-D000442
2126,Lotek-D000452
2123,Lotek-D000453
2128,Lotek-D000454
2122,Lotek-D000455
2124,Lotek-D000456
2125,Lotek-D000457
2120,Lotek-D000458
2129,Lotek-D000459
2121,Lotek-D000460
2119,Lotek-D000461
2127,Lotek-D000462
2610,Lotek-D000465
3329,Lotek-D000472
3385,Lotek-D000472
2298,Lotek-D000473
2603,Lotek-D000516
2731,Lotek-D000517
2809,Lotek-D000521
2738,Lotek-D000539
2670,Lotek-D000542
2781,Lotek-D000543
2737,Lotek-D000544
3001,Lotek-D000546
3666,Lotek-D000546
2739,Lotek-D000549
2805,Lotek-D000553
2806,Lotek-D000555
3386,Lotek-D000592
3388,Lotek-D000592
2513,Lotek-D000593
2506,Lotek-D000594
2510,Lotek-D000595
2504,Lotek-D000597
2507,Lotek-D000598
2509,Lotek-D000601
2505,Lotek-D000602
2508,Lotek-D000604
2512,Lotek-D000605
2511,Lotek-D000606
3810,Lotek-D000617
2419,Lotek-D000635
2582,Lotek-D000704
3411,Lotek-D000704
2583,Lotek-D000705
2584,Lotek-D000706
3572,Lotek-D000706
2978,Lotek-D000718
2977,Lotek-D000719
3196,Lotek-D000729
3328,Lotek-D000729
3199,Lotek-D000730
3320,Lotek-D000730
3197,Lotek-D000731
3327,Lotek-D000731
3193,Lotek-D000733
2830,Lotek-D000739
3248,Lotek-D000793
3746,Lotek-D000793
3427,Lotek-D000806
3426,Lotek-D000807
3558,Lotek-D000887
3705,Lotek-D000887
3559,Lotek-D000888
3707,Lotek-D000888
3557,Lotek-D000889
3708,Lotek-D000889
3560,Lotek-D000890
3706,Lotek-D000890
3579,Lotek-D000891
3596,Lotek-D000892
3731,Lotek-D000892
4006,Lotek-D000945
3863,Lotek-D001015
3862,Lotek-D001082
3545,Lotek-D123456
1672,R2D2
3314,SG-0044RPI31985
3844,SG-00A4RPI31CB9
3102,SG-0123RPI3EE73
2915,SG-01E6RPI35B80
3334,SG-034ERPI3ABF4
3435,SG-034ERPI3ABF4
3361,SG-0366RPI361E9
3588,SG-0366RPI361E9
3888,SG-03CDRPI3BE4D
3464,SG-0402RPI32799
1485,SG-0414BBBK0236
1795,SG-0414BBBK0236
2290,SG-0414BBBK0236
1482,SG-0414BBBK0361
1852,SG-0414BBBK0361
1483,SG-0414BBBK1438
2786,SG-0414BBBK1438
1484,SG-0414BBBK1631
2225,SG-0425RPI3CAF9
2614,SG-04EBRPI3F784
2116,SG-0517BBBK1111
2137,SG-0517BBBK1111_1
3429,SG-0554RPI3E2D7
3143,SG-05F2RPI327EA
557,SG-0613BB000613
1794,SG-0613BB000613
1766,SG-0613BB000648
506,SG-0613BB000731
1559,SG-0613BB000731
2157,SG-0613BB000731
499,SG-0613BB000790
559,SG-0613BB001754
1734,SG-0613BB001754
3115,SG-063CRPI3C8FD
3046,SG-068ERPI3AC48
3313,SG-0733RPI37C19
3015,SG-0765RPI37F02
3757,SG-079ARPI3DB1C
3858,SG-07DERPI34B27
2053,SG-0815BBBK0176
2336,SG-0815BBBK0176
1554,SG-0815BBBK1352
1343,SG-0815BBBK2114
2136,SG-0816BBBK009E
1742,SG-0816BBBK009F
3202,SG-0816BBBK009F
1692,SG-0816BBBK0192
2034,SG-0816BBBK01E7
2064,SG-0816BBBK0206
2318,SG-0816BBBK0241
2066,SG-0816BBBK0268
2944,SG-0816BBBK0272
2067,SG-0816BBBK0273
2074,SG-0816BBBK0310
1788,SG-0816BBBK0369
1695,SG-0816BBBK039D
1847,SG-0816BBBK03AF
2240,SG-0816BBBK03BB
1791,SG-0816BBBK03C3
1965,SG-0816BBBK03E8
2089,SG-0816BBBK03EF
2910,SG-0816BBBK03EF
2182,SG-0816BBBK0402
2288,SG-0816BBBK04A4
3356,SG-0816BBBK050B
2045,SG-0816BBBK0511
1693,SG-0816BBBK0521
1805,SG-0816BBBK0526
1694,SG-0816BBBK064C
1912,SG-0816BBBK0678
1691,SG-0816BBBK08C1
2672,SG-0816BBBK0909
2179,SG-0816BBBK0B85
2063,SG-0816BBBK0BB8
2180,SG-0816BBBK0BF7
2033,SG-0816BBBK0C16
2541,SG-0819RPI35282
3437,SG-0825RPI3D361
3499,SG-0825RPI3D361
3798,SG-0855RPI39CDE
3410,SG-08AFRPI37A7D
3789,SG-08EFRPI3829D
3626,SG-0995RPI3B6BC
3821,SG-09A3RPI300C2
3748,SG-09EFRPI3DC53
3792,SG-0AF2RPI3ABDE
3796,SG-0B2DRPI3DBAC
2230,SG-0B38RPI3475B
2469,SG-0B73RPI3F1C3
3363,SG-0BE8RPI3465E
3523,SG-0BE8RPI360D8
3449,SG-0C7DRPI32949
3456,SG-0C7DRPI32949
2437,SG-0C94RPI33358
2844,SG-0C94RPI3335E
3208,SG-0D07RPI3D711
3852,SG-0D13RPI36A9D
3831,SG-0E38RPI3CAD0
3642,SG-0E58RPI3F457
3696,SG-0E58RPI3F457
3318,SG-0EF7RPI32BB8
3463,SG-0F28RPI3130E
3610,SG-0FBARPI359DA
3665,SG-0FBARPI359DA
3509,SG-100CRPI3B939
3702,SG-100CRPI3B939
577,SG-1012BB012074
3013,SG-1012BB012074
562,SG-1012BB012075
493,SG-1012BB012085
1587,SG-1012BB012085
1815,SG-1012BB012085
1995,SG-1012BB012090
3012,SG-1012BB012090
1358,SG-1012BB012871
1929,SG-1012BB012871
521,SG-1013BB000626
1793,SG-1013BB000626
2299,SG-106ERPI31BA1
3354,SG-106ERPI31BA1
2814,SG-10CDRPI3117A
2432,SG-110BRPI371DE
2392,SG-1116BBBK0983
2306,SG-1116BBBK098F
2055,SG-1116BBBK0BE8
2309,SG-1116BBBK0C40
2054,SG-1116BBBK0CB9
2026,SG-1116BBBK0CEB
2311,SG-1116BBBK0D6A
2528,SG-1116BBBK1147
1990,SG-1116BBBK14B3
3322,SG-1124RPI35CE1
3323,SG-1124RPI35CE1
2457,SG-1127RPI34180
3391,SG-114CRPI375D9
3480,SG-114CRPI375D9
3222,SG-11A3RPI3BACB
564,SG-1212BB000222
1422,SG-1212BB000222
1543,SG-1212BB000222
497,SG-1212BB000254
1569,SG-1212BB000254
1871,SG-1212BB000254
1210,SG-1212BB000258
550,SG-1212BB000298
1816,SG-1212BB000298
565,SG-1212BB000308
1817,SG-1212BB000308
538,SG-1212BB000376
1560,SG-1212BB000376
544,SG-1212BB000386
1564,SG-1212BB000386
1808,SG-1212BB000386
2090,SG-1215BBBK0682
1509,SG-1215BBBK1027
1637,SG-1215BBBK1027
2169,SG-1215BBBK1031
2331,SG-1215BBBK1031
2591,SG-1215BBBK1031
2604,SG-1215BBBK1158
1434,SG-1215BBBK1163
1418,SG-1215BBBK1171
2117,SG-1215BBBK1174
1432,SG-1215BBBK1404
1415,SG-1215BBBK1412
2083,SG-1215BBBK1742
2653,SG-1215BBBK1743
2164,SG-1215BBBK1749
2589,SG-1215BBBK1749
2087,SG-1215BBBK1769
2282,SG-1215BBBK1773
2163,SG-1215BBBK1778
2590,SG-1215BBBK1778
2268,SG-1215BBBK1791
2142,SG-1215BBBK1793
2928,SG-1215BBBK1793
2079,SG-1215BBBK1794
2173,SG-1215BBBK1796
3275,SG-1215BBBK1796
2080,SG-1215BBBK1803
1436,SG-1215BBBK1863
3805,SG-121ARPI379BB
2715,SG-1234BBBK4321
3071,SG-1234BBBK5678
3044,SG-1234RPI35678
2134,SG-1253RPI32253
3337,SG-12B0RPI3885A
2143,SG-1315BBBK0078
2193,SG-1315BBBK0083
4005,SG-1315BBBK0083
2131,SG-1315BBBK0085
2328,SG-1315BBBK0085
2286,SG-1315BBBK0088
2081,SG-1315BBBK0094
2291,SG-1315BBBK0099
2051,SG-1315BBBK0102
2260,SG-1315BBBK0104
1981,SG-1315BBBK0105
2337,SG-1315BBBK0105
2233,SG-1315BBBK0110
2139,SG-1315BBBK0113
1964,SG-1315BBBK0117
3613,SG-1315BBBK0117
2082,SG-1315BBBK0119
2141,SG-1315BBBK0120
2927,SG-1315BBBK0120
2044,SG-1315BBBK0126
2140,SG-1315BBBK0132
2202,SG-1315BBBK0136
2319,SG-1315BBBK0139
2162,SG-1315BBBK0141
2187,SG-1315BBBK0143
1671,SG-1316BBBK1032
3824,SG-1318RPI3D7F6
3847,SG-1362RPI3CA43
3822,SG-13B1RPI367FD
1700,SG-1415BBBK0382
1994,SG-1415BBBK0494
2688,SG-1476RPI3B893
3221,SG-14A9RPI3C3AC
3419,SG-14D1RPI39753
3476,SG-14D1RPI39753
2934,SG-14DDRPI303C3
2988,SG-14F1RPI323B6
2473,SG-1514BBBK1911
1154,SG-1514BBBK2341
1396,SG-1515BBBK0012
1431,SG-1515BBBK0028
1433,SG-1515BBBK0033
1435,SG-1515BBBK0045
1450,SG-1515BBBK0377
2998,SG-1516BBBK0BF9
2476,SG-1554RPI3A47A
3179,SG-1561RPI3F141
3744,SG-1561RPI3F141
2371,SG-1613BBBK2198
1997,SG-1614BBBK0731
439,SG-1614BBBK1591
2683,SG-1614BBBK1591
440,SG-1614BBBK1595
3310,SG-1614BBBK1595
441,SG-1614BBBK1603
1751,SG-1614BBBK1608
2549,SG-1614BBBK1608
3468,SG-1614BBBK1608
1283,SG-1614BBBK1609
467,SG-1614BBBK1611
1753,SG-1614BBBK1611
442,SG-1614BBBK1612
2659,SG-1614BBBK1612
443,SG-1614BBBK1613
444,SG-1614BBBK1615
2178,SG-1614BBBK1615
445,SG-1614BBBK1617
3024,SG-1614BBBK1617
446,SG-1614BBBK1618
566,SG-1614BBBK1620
1152,SG-1614BBBK1620
2429,SG-1614BBBK1620
479,SG-1614BBBK1631
1028,SG-1614BBBK1631
2930,SG-1614BBBK1631
447,SG-1614BBBK1634
448,SG-1614BBBK1635
449,SG-1614BBBK1638
641,SG-1614BBBK1655
450,SG-1614BBBK1659
2554,SG-1614BBBK1659
2996,SG-1614BBBK1659
451,SG-1614BBBK1660
452,SG-1614BBBK1662
453,SG-1614BBBK1663
1362,SG-1614BBBK1666
480,SG-1614BBBK1787
1029,SG-1614BBBK1787
2534,SG-1614BBBK1787
1849,SG-1614BBBK1793
1297,SG-1614BBBK1807
454,SG-1614BBBK1832
1331,SG-1614BBBK1836
455,SG-1614BBBK1869
456,SG-1614BBBK1870
1876,SG-1614BBBK1870
2000,SG-1614BBBK1878
457,SG-1614BBBK1880
458,SG-1614BBBK1883
648,SG-1614BBBK1884
481,SG-1614BBBK1885
1030,SG-1614BBBK1885
482,SG-1614BBBK1889
1031,SG-1614BBBK1889
1626,SG-1614BBBK1889
643,SG-1614BBBK1899
2376,SG-1614BBBK1899
459,SG-1614BBBK1900
578,SG-1614BBBK1901
1032,SG-1614BBBK1901
532,SG-1614BBBK1903
1153,SG-1614BBBK1903
1684,SG-1614BBBK1903
2368,SG-1614BBBK1903
1748,SG-1614BBBK1910
2550,SG-1614BBBK1910
460,SG-1614BBBK1911
2532,SG-1614BBBK1911
1401,SG-1614BBBK1911_1
647,SG-1614BBBK1913
483,SG-1614BBBK1915
461,SG-1614BBBK1916
462,SG-1614BBBK1919
2402,SG-1614BBBK1920
2548,SG-1614BBBK1920
2920,SG-1614BBBK1920
484,SG-1614BBBK1921
1033,SG-1614BBBK1921
2427,SG-1614BBBK1921
485,SG-1614BBBK1922
1034,SG-1614BBBK1922
2536,SG-1614BBBK1922
3272,SG-1614BBBK1922
463,SG-1614BBBK1923
1363,SG-1614BBBK1924
464,SG-1614BBBK1925
2172,SG-1614BBBK1925
1719,SG-1614BBBK1928
465,SG-1614BBBK1954
466,SG-1614BBBK1956
573,SG-1614BBBK1968
1035,SG-1614BBBK1968
2249,SG-1634RPI38648
2666,SG-1634RPI38648
2404,SG-1635RPI382AE
2545,SG-164FRPI2DF40
3184,SG-16CFRPI3D843
3453,SG-16CFRPI3D843
2463,SG-16DDRPI38664
1853,SG-1715BBBK0720
1440,SG-1715BBBK0746
1441,SG-1715BBBK0752
2960,SG-179ARPI32EC3
502,SG-1813BBBK1193
1211,SG-1813BBBK1193
1661,SG-1813BBBK1193
1053,SG-1813BBBK4711
1213,SG-1813BBBK4711
1355,SG-1813BBBK4711
1219,SG-1813BBBK5351
1194,SG-1814BBBK0342
2444,SG-1814BBBK0371
1265,SG-1814BBBK0404
1245,SG-1814BBBK0418
582,SG-1814BBBK0453
1217,SG-1814BBBK0453
1854,SG-1814BBBK0461
548,SG-1814BBBK0541
586,SG-1814BBBK0585
2048,SG-1814BBBK0607
2019,SG-1814BBBK0674
2345,SG-1814BBBK0769
1150,SG-1814BBBK0809
1263,SG-1814BBBK0810
1512,SG-1815BBBK0777
1439,SG-1815BBBK0991
1697,SG-1815BBBK1359
2599,SG-1816BBBK2137
2791,SG-1850RPI3F6B3
3097,SG-18AARPI34A71
2661,SG-18B8RPI3A01C
2384,SG-18DFRPI2062E
1214,SG-1913BBBK3123
1354,SG-1913BBBK3123
558,SG-1913BBBK3221
1216,SG-1913BBBK3221
551,SG-1913BBBK3258
1178,SG-1913BBBK3258
1218,SG-1913BBBK3356
1212,SG-1913BBBK3375
1406,SG-1913BBBK3375
2186,SG-1914BBBK0819
3575,SG-1914BBBK0825
2058,SG-1914BBBK0832
2285,SG-1914BBBK0833
2073,SG-1914BBBK0851
2231,SG-1914BBBK0855
2283,SG-1914BBBK0856
2421,SG-1914BBBK0863
2904,SG-1914BBBK0863
2057,SG-1914BBBK0866
2059,SG-1914BBBK0870
2149,SG-1914BBBK0872
2284,SG-1914BBBK0873
2060,SG-1914BBBK0875
2292,SG-1914BBBK0887
2295,SG-1914BBBK0893
2175,SG-1914BBBK0894
3576,SG-1914BBBK0907
2132,SG-1914BBBK0916
3709,SG-1914BBBK0925
2257,SG-1914BBBK0929
2147,SG-1914BBBK0935
2262,SG-1914BBBK0942
2601,SG-1914BBBK0960
1513,SG-1915BBBK0061
1645,SG-1915BBBK0061
1514,SG-1915BBBK0112
1515,SG-1915BBBK0115
1516,SG-1915BBBK0201
1517,SG-1915BBBK0244
1518,SG-1915BBBK2185
1635,SG-1915BBBK2185
2763,SG-19B3RPI3A97D
3869,SG-19B3RPI3A97D
3775,SG-1A06RPI3C29C
3799,SG-1A64RPI34AAD
2636,SG-1A93RPI36374
3381,SG-1ACBRPI38EBA
3725,SG-1ACBRPI38EBA
4030,SG-1B0BRPI30C8A
3758,SG-1B0BRPI30C8D
4029,SG-1B0BRPI30C8D
3250,SG-1B99RPI3C575
3474,SG-1BB3RPI30B3F
2220,SG-1CFDRPI34E5B
2146,SG-1D53RPI333CD
2859,SG-1E10RPI2E46A
2490,SG-1E11RPI33E53
3096,SG-1E6FRPI3F01E
2406,SG-1E81RPI39C63
2896,SG-1E92RPI3C31E
3515,SG-1E9DRPI3A4D5
4019,SG-1EB8RPI30C3A
3416,SG-1EF8RPI3FC69
3544,SG-1EF8RPI3FC69
3100,SG-1FA4RPI38230
2782,SG-1FA6RPI37A39
2817,SG-1FA6RPI37A39
3755,SG-1FBFRPI3A2F2
2807,SG-1FDBRPI3E7F3
3519,SG-1FF7RPI3A694
3087,SG-1FF8RPI3200F
2001,SG-2013BB000037
1494,SG-2013BB000049
576,SG-2013BB000060
3357,SG-2013BB000060
525,SG-2013BB000178
2024,SG-2016BBBK1629
2025,SG-2016BBBK1E5A
2685,SG-2023RPI39E15
3195,SG-204ARPI39086
3835,SG-2080RPI34509
3234,SG-2091RPI3BB4A
2487,SG-20C0RPI3D4DC
1736,SG-2113BB001373
588,SG-2113BBBK2607
3833,SG-2198RPI3F5EB
2719,SG-21B9RPI33855
2952,SG-21B9RPI33855
2401,SG-21CCRPI3EA67
1686,SG-2213BBBK3800
2955,SG-2221RPI3DD50
3004,SG-22BBRPI31455
2769,SG-22C7RPI3CF8E
540,SG-2312BB000369
1387,SG-2312BB000369
1813,SG-2312BB000369
518,SG-2312BB000481
1566,SG-2312BB000481
1916,SG-2312BB000505
2462,SG-2312RPI33B01
579,SG-2313BBBK3010
556,SG-2313BBBK3275
567,SG-2313BBBK3320
1383,SG-2313BBBK3320
1752,SG-2313BBBK3320
533,SG-2313BBBK3338
3570,SG-2313BBBK3338
2269,SG-2313BBBK3402
2535,SG-2313BBBK3402
3129,SG-2313BBBK3402
1993,SG-2313BBBK3422
1918,SG-2313BBBK3569
2576,SG-2313BBBK3569
1449,SG-2315BBBK0364
1738,SG-2315BBBK28AA
2573,SG-2315BBBK28AA
1903,SG-2315BBBK2A01
2050,SG-2315BBBK2A02
1741,SG-2315BBBK2C0B
2600,SG-2316BBBK0426
3965,SG-23A5RPI30DAF
3880,SG-23C5RPI33D16
2741,SG-244BRPI38B86
2771,SG-2474RPI376A9
3867,SG-2474RPI376A9
3382,SG-2485RPI32B5D
3398,SG-2485RPI32B5D
2491,SG-24C4RPI3A8BD
3355,SG-24E0RPI3BA27
3616,SG-24E0RPI3BA27
2761,SG-24F7RPI38AC3
2315,SG-2516BBBK055B
1856,SG-2516BBBK1636
2900,SG-2516BBBK1DAE
2560,SG-2516BBBK1DB1
2711,SG-2516BBBK1E0D
2571,SG-2516BBBK1FBE
2558,SG-2516BBBK2068
2568,SG-2516BBBK206A
2563,SG-2516BBBK207F
2531,SG-2516BBBK2499
2577,SG-2516BBBK249C
2709,SG-2516BBBK249E
3307,SG-2516BBBK249E
2662,SG-2516BBBK24A0
2570,SG-2516BBBK24A6
2611,SG-2516BBBK24A7
2530,SG-2516BBBK24A8
3593,SG-2533RPI3201A
3701,SG-254ARPI32595
2118,SG-2616BBBK1111
2874,SG-2616BBBK1111_1
3174,SG-26D1RPI3534C
3257,SG-26F1RPI358CC
547,SG-2712BB000003
1428,SG-2712BB000003
1580,SG-2712BB000003
2925,SG-2712BB000003
537,SG-2712BB000008
584,SG-2712BB000014
1382,SG-2712BB000014
572,SG-2712BB000055
1429,SG-2712BB000055
1567,SG-2712BB000055
1609,SG-2712BB000055
504,SG-2712BB000074
1054,SG-2712BB000074
1425,SG-2712BB000074
1562,SG-2712BB000074
513,SG-2712BB000151
1819,SG-2712BB000151
2926,SG-2712BB000151
580,SG-2712BB000175
1430,SG-2712BB000175
1563,SG-2712BB000175
1610,SG-2712BB000175
2919,SG-2712BB000175
1955,SG-2712BB000208
1851,SG-2713BBBK4282
1783,SG-2715BBBK0304
3136,SG-2715BBBK0304
1785,SG-2715BBBK0354
2151,SG-2715BBBK0539
2310,SG-2715BBBK0587
1786,SG-2715BBBK0626
3135,SG-2715BBBK0626
1479,SG-2715BBBK1438
1790,SG-2715BBBK1697
1473,SG-2715BBBK1711
3836,SG-27DARPI38624
542,SG-2813BBBK0935
2185,SG-2813BBBK0935
1310,SG-2814BBBK0385
1687,SG-2814BBBK0547
1281,SG-2814BBBK1186
1232,SG-2814BBBK1243
1520,SG-2814BBBK1244
1636,SG-2814BBBK1244
2431,SG-2814BBBK1244
1689,SG-2814BBBK1267
1367,SG-2814BBBK4765
3517,SG-2878RPI3F75D
2238,SG-2914BBBK0347
2037,SG-2916BBBK0723
2251,SG-2916BBBK072E
2252,SG-2916BBBK0751
1913,SG-2916BBBK0794
3793,SG-2933RPI381E7
3224,SG-29EDRPI34C11
3889,SG-2A24RPI3ABA1
4028,SG-2A30RPI39A32
3790,SG-2A88RPI3F549
3194,SG-2B75RPI3C5A4
3198,SG-2BCBRPI35F78
2387,SG-2BD6RPI3FE74
3733,SG-2C20RPI3AE28
3229,SG-2E8FRPI3E26F
3428,SG-2E8FRPI3E26F
3762,SG-2ECERPI30B48
1163,SG-3000BBBK3600
1164,SG-3000BBBK3800
2440,SG-3021RPI2BBB8
3163,SG-3035RPI3A1BE
2893,SG-303CRPI3E366
3740,SG-303CRPI3E366
2798,SG-30B8RPI3AB49
1614,SG-3114BBBK2156
1616,SG-3114BBBK2178
1617,SG-3114BBBK2277
1615,SG-3114BBBK2336
1679,SG-3115BBBK0664
1647,SG-3115BBBK0698
3166,SG-3115BBBK0698
1549,SG-3115BBBK0750
1475,SG-3115BBBK0782
1604,SG-3115BBBK1117
2205,SG-3115BBBK1118
1739,SG-3115BBBK1120
1585,SG-3115BBBK1127
1593,SG-3115BBBK1128
2207,SG-3115BBBK1137
1605,SG-3115BBBK1140
1646,SG-3115BBBK1151
2072,SG-3115BBBK1152
2261,SG-3115BBBK1152
1608,SG-3115BBBK1190
2264,SG-3115BBBK1190
1607,SG-3115BBBK1246
3165,SG-3115BBBK1246
1606,SG-3115BBBK1319
2042,SG-3115BBBK1339
2056,SG-3115BBBK1375
1589,SG-3115BBBK1383
1902,SG-3115BBBK1B0A
1674,SG-3115BBBK1C60
1900,SG-3115BBBK1C9E
1901,SG-3115BBBK1D40
1754,SG-3115BBBK1D41
2170,SG-3115BBBK1D41
1631,SG-3115BBBK1D4A
2314,SG-3116BBBK0064
1914,SG-3116BBBK0755
3157,SG-3116BBBK0809
3472,SG-3180RPI3AE9D
3473,SG-3180RPI3AE9D
3362,SG-3202RPI39550
3402,SG-3202RPI39550
3457,SG-3206RPI30D24
3459,SG-3206RPI30D24
1314,SG-3214BBBK0604
1233,SG-3214BBBK0615
1638,SG-3214BBBK0615
2365,SG-3214BBBK0619
1716,SG-3214BBBK0647
1234,SG-3214BBBK0655
1830,SG-3214BBBK0655
1718,SG-3214BBBK0673
1784,SG-3214BBBK0915
2724,SG-3214BBBK0915
1315,SG-3214BBBK1004
1235,SG-3214BBBK1006
1309,SG-3214BBBK1015
1508,SG-3214BBBK3329
1282,SG-3214BBBK4137
1246,SG-3214BBBK4806
1644,SG-3214BBBK4806
2176,SG-3214BBBK4806
2474,SG-3214BBBK4806
1247,SG-3214BBBK4812
1803,SG-3214BBBK4812
1248,SG-3214BBBK4822
1642,SG-3214BBBK4822
2070,SG-3214BBBK4822
3167,SG-3214BBBK4822
1236,SG-3214BBBK5364
1249,SG-3214BBBK5447
1643,SG-3214BBBK5447
2071,SG-3214BBBK5447
1717,SG-3214BBBK5543
1250,SG-3214BBBK5554
1792,SG-3214BBBK5554
2222,SG-3214BBBK5554
1336,SG-3214BBBK5558
2150,SG-3214BBBK5558
1365,SG-3214BBBK5594
1237,SG-3214BBBK5654
1720,SG-3214BBBK5675
1330,SG-3214BBBK5685
1481,SG-3214BBBK5686
1438,SG-3214BBBK5695
1861,SG-3214BBBK5757
1251,SG-3214BBBK5782
1802,SG-3214BBBK5782
1279,SG-3214BBBK5917
1252,SG-3214BBBK6085
1633,SG-3214BBBK6085
1639,SG-3214BBBK6085
1416,SG-3214BBBK6103
1253,SG-3214BBBK6221
1640,SG-3214BBBK6221
2068,SG-3214BBBK6221
1254,SG-3214BBBK6233
1255,SG-3214BBBK6241
2077,SG-3214BBBK6241
1256,SG-3214BBBK6282
1296,SG-3214BBBK6346
1390,SG-3214BBBK6425
1316,SG-3214BBBK6435
1414,SG-3214BBBK6472
2156,SG-3214BBBK6472
1860,SG-3214BBBK6514
1872,SG-3214BBBK6514
2372,SG-3214BBBK6514
1685,SG-3214BBBK6871
2065,SG-3214BBBK6871
2497,SG-3214BBBK6871
1369,SG-3214BBBK7228
1366,SG-3214BBBK7260
1257,SG-3214BBBK7267
1641,SG-3214BBBK7267
2069,SG-3214BBBK7267
1337,SG-3214BBBK7294
1389,SG-3214BBBK8444
1392,SG-3214BBBK8447
1630,SG-3214BBBK8447
1846,SG-3214BBBK8447
1391,SG-3214BBBK8453
1651,SG-3214BBBK8453
1800,SG-3214BBBK8453
3454,SG-3214BBBK8453
1258,SG-3214BBBK8465
2154,SG-3214BBBK8465
1338,SG-3214BBBK8616
2155,SG-3214BBBK8616
1259,SG-3214BBBK8617
1231,SG-3214BBBK8648
1966,SG-3214BBBK8648
2006,SG-3214BBBK8672
1368,SG-3214BBBK8680
2533,SG-3214BBBK8680
3359,SG-3214BBBK8680
1260,SG-3214BBBK8684
1364,SG-3214BBBK8689
2014,SG-3214BBBK8690
1848,SG-3214BBBK8691
1521,SG-3214BBBK8706
1261,SG-3214BBBK8708
1299,SG-3214BBBK8710
1727,SG-3214BBBK8716
3180,SG-3214BBBK8716
1905,SG-3214BBBK9591
1262,SG-3214BBBK9625
1915,SG-3216BBBK0757
2029,SG-3216BBBK0793
2765,SG-3279RPI32C40
3423,SG-3291RPI35718
3045,SG-329ERPI3DD60
2987,SG-32A1RPI36156
2296,SG-32FDRPI3CB45
4031,SG-3340RPI3CCE8
2566,SG-33BARPI3234B
3256,SG-3414BBBK1565
1768,SG-3414BBBK1567
2742,SG-3420RPI3496B
2217,SG-3481RPI3115F
2732,SG-3507RPI34D59
1184,SG-3514BBBK0875
1680,SG-3514BBBK1044
1185,SG-3514BBBK1594
2488,SG-3537RPI3B899
2966,SG-358FRPI347E9
3301,SG-3593RPI3E0AD
2445,SG-35BARPI3B10B
2911,SG-35D8RPI3A53C
2643,SG-35EBRPI31288
3527,SG-3604RPI3AEF7
1264,SG-3614BBBK3329
1804,SG-3614BBBK3329
1972,SG-3615BBBK01F1
2682,SG-3615BBBK03B3
2027,SG-3615BBBK0421
2052,SG-3615BBBK0428
2002,SG-3615BBBK071F
2529,SG-3615BBBK09D3
2183,SG-3615BBBK0B93
2084,SG-3615BBBK0B9E
2021,SG-3615BBBK0BA8
2333,SG-3615BBBK0BBD
2174,SG-3615BBBK0C15
1985,SG-3615BBBK0CD0
2393,SG-3615BBBK0CD0
1970,SG-3615BBBK0D8C
2223,SG-3615BBBK0DB6
2085,SG-3615BBBK0F94
2005,SG-3615BBBK1D3A
1673,SG-3615BBBK1E34
1796,SG-3615BBBK2024
2144,SG-3615BBBK254B
1761,SG-3615BBBK26EB
2430,SG-3615BBBK2700
1907,SG-3625BBBK03B3
3887,SG-367CRPI3F183
2341,SG-36AFRPI21CDB
3688,SG-37CBRPI34A3E
2395,SG-3816BBBK0883
2783,SG-3842RPI35BCD
3497,SG-3847RPI3BD14
3498,SG-3847RPI3BD14
3117,SG-3876RPI3F903
2344,SG-3886RPI240C5
1621,SG-3915BBBK03C7
3975,SG-3915BBBK03C7
2725,SG-3917BBBK0DF9
3794,SG-3927RPI3E7AE
3448,SG-393CRPI3946E
3378,SG-3962RPI3DD74
3475,SG-3962RPI3DD74
2760,SG-3A09RPI309B2
2458,SG-3A7CRPI31BDB
2211,SG-3B0ARPI36711
3846,SG-3B25RPI311F6
2696,SG-3B52RPI35BE8
2755,SG-3BC1RPI3EC0F
2877,SG-3C27RPI38BCE
2867,SG-3C7BRPI3FD45
2669,SG-3C7FRPI2A84E
3090,SG-3CB9RPI3F067
3247,SG-3CD7RPI30747
2386,SG-3D13RPI339CD
2777,SG-3D23RPI38465
2931,SG-3D2FRPI306C5
3506,SG-3DC4RPI31E8F
3547,SG-3DC4RPI31E8F
3807,SG-3DC6RPI3B9EE
3213,SG-3E56RPI3370D
3651,SG-3EA4RPI3F0B7
3693,SG-3EA4RPI3F0B7
2145,SG-3ED1RPI3F303
2208,SG-3F8CRPI32CF2
1223,SG-4000BBBK8230
1291,SG-4000BBBK9170
1629,SG-4000BBBK9170
1489,SG-4000BBBK9200
468,SG-4000BBBK9210
1397,SG-4000BBBK9270
1292,SG-4000BBBK9330
1302,SG-4000BBBK9340
1492,SG-4000BBBK9340
1273,SG-4000BBBK9350
1347,SG-4000BBBK9450
1293,SG-4000BBBK9550
686,SG-4000BBBK9640
1277,SG-4001BBBK0350
1984,SG-4001BBBK0350
2191,SG-4001BBBK0350
1220,SG-4001BBBK0900
1873,SG-4001BBBK0910
1399,SG-4001BBBK0980
1239,SG-4001BBBK0990
1420,SG-4001BBBK1080
1750,SG-4001BBBK1080
1371,SG-4001BBBK1190
2555,SG-4001BBBK1190
2997,SG-4001BBBK1190
1327,SG-4001BBBK1330
1526,SG-4001BBBK1340
2879,SG-4001BBBK1340
2726,SG-4001BBBK1430
469,SG-4001BBBK1460
1655,SG-4001BBBK1560
1280,SG-4001BBBK1660
1447,SG-4001BBBK1660
1394,SG-4001BBBK1670
1599,SG-4001BBBK1670
1046,SG-4001BBBK1680
1266,SG-4001BBBK1680
1294,SG-4001BBBK1750
1531,SG-4001BBBK1770
2881,SG-4001BBBK1770
1339,SG-4001BBBK1790
1244,SG-4001BBBK1870
1224,SG-4001BBBK1910
1228,SG-4001BBBK1930
1287,SG-4001BBBK1950
1675,SG-4001BBBK1950
3722,SG-4001BBBK1980
1288,SG-4001BBBK2010
1446,SG-4001BBBK2010
1527,SG-4001BBBK2080
2660,SG-4001BBBK2170
1341,SG-4001BBBK2210
2880,SG-4001BBBK2210
1317,SG-4001BBBK2220
1165,SG-4001BBBK2230
1858,SG-4001BBBK2230
2334,SG-4001BBBK2230
2335,SG-4001BBBK2230
1243,SG-4001BBBK2250
1332,SG-4001BBBK2260
1523,SG-4001BBBK2290
684,SG-4001BBBK2310
1289,SG-4001BBBK2330
1665,SG-4001BBBK2330
1395,SG-4001BBBK2360
1278,SG-4001BBBK2380
1769,SG-4001BBBK2380
1656,SG-4001BBBK2410
1226,SG-4001BBBK2440
1241,SG-4001BBBK2480
472,SG-4001BBBK2500
1036,SG-4001BBBK2550
2266,SG-4001BBBK2550
3085,SG-4001BBBK2550
1488,SG-4001BBBK2600
1225,SG-4001BBBK2690
473,SG-4001BBBK2720
1351,SG-4001BBBK6020
1653,SG-4001BBBK6020
1275,SG-4001BBBK7590
1625,SG-4001BBBK7590
1290,SG-4001BBBK8700
1413,SG-4001BBBK8700
685,SG-4002BBBK0010
1688,SG-4002BBBK0010
1490,SG-4002BBBK0020
1242,SG-4002BBBK0040
1267,SG-4002BBBK0090
2075,SG-4002BBBK0090
1300,SG-4002BBBK0110
1477,SG-4002BBBK0110
2190,SG-4002BBBK0110
2745,SG-4002BBBK0110
1037,SG-4002BBBK0160
2267,SG-4002BBBK0160
1412,SG-4002BBBK0170
3360,SG-4002BBBK0170
1038,SG-4002BBBK0200
2428,SG-4002BBBK0200
1229,SG-4002BBBK0240
1180,SG-4002BBBK0360
2022,SG-4002BBBK0530
2557,SG-4002BBBK0560
1039,SG-4002BBBK0570
2981,SG-4002BBBK0570
683,SG-4002BBBK0580
474,SG-4002BBBK0640
1047,SG-4002BBBK1270
1268,SG-4002BBBK1270
1612,SG-4002BBBK1460
471,SG-4002BBBK1530
1222,SG-4002BBBK1580
1613,SG-4002BBBK1600
1040,SG-4002BBBK1610
2388,SG-4002BBBK1620
1301,SG-4002BBBK1630
1478,SG-4002BBBK1630
2189,SG-4002BBBK1630
1624,SG-4002BBBK1650
2369,SG-4002BBBK1650
1298,SG-4002BBBK1670
701,SG-4002BBBK1710
1221,SG-4002BBBK1770
1372,SG-4002BBBK1950
1654,SG-4002BBBK1950
3251,SG-4002BBBK1950
1295,SG-4002BBBK1980
1398,SG-4002BBBK2240
1276,SG-4002BBBK2530
1598,SG-4002BBBK2530
1240,SG-4002BBBK2550
2327,SG-4002BBBK2550
1444,SG-4002BBBK2630
1048,SG-4002BBBK2650
1269,SG-4002BBBK2650
1529,SG-4002BBBK2820
1166,SG-4002BBBK2850
1662,SG-4002BBBK2850
3574,SG-4002BBBK2850
470,SG-4005BBBK2390
1348,SG-4005BBBK3230
1682,SG-4005BBBK3400
1238,SG-4005BBBK3760
1230,SG-4005BBBK4150
2253,SG-4005BBBK4150
1192,SG-4005BBBK4310
3811,SG-4047RPI3A161
2456,SG-405BRPI3D812
2036,SG-4116BBBK0351
2181,SG-4116BBBK1114
2948,SG-4158RPI3AD4E
1561,SG-4172BB000554
2691,SG-41E0RPI3DD2E
2028,SG-4216BBBK0315
2575,SG-422BRPI3D99D
3854,SG-42F9RPI35215
3008,SG-4381RPI38232
3563,SG-4381RPI38232
2957,SG-43C0RPI39AAC
1535,SG-4414BBBK0693
1536,SG-4414BBBK0722
1538,SG-4414BBBK0737
1537,SG-4414BBBK1318
2586,SG-4452RPI3CF82
1660,SG-4515BBBK0369
1628,SG-4515BBBK0438
3294,SG-4529RPI3C750
3583,SG-4529RPI3C750
3462,SG-456CRPI3DBBB
3479,SG-456CRPI3DBBB
3820,SG-45FDRPI38619
2602,SG-4616BBBK2363
3834,SG-4635RPI366BA
3631,SG-4642RPI382FD
2794,SG-46F1RPI35627
515,SG-4712BB000550
1181,SG-4712BB000550
1814,SG-4712BB000550
491,SG-4712BB000554
1043,SG-4712BB000554
1419,SG-4712BB000554
1380,SG-4712BB000584
1749,SG-4712BB000584
2547,SG-4712BB000584
4007,SG-4712BB000584
1215,SG-4712BB000713
1026,SG-4712BB000750
524,SG-4712BB000787
528,SG-4712BB000809
501,SG-4712BB000816
587,SG-4712BB000817
571,SG-4712BB000827
1381,SG-4712BB000827
531,SG-4712BB000832
1426,SG-4712BB000832
2003,SG-4712BB000877
3422,SG-4721RPI31989
3394,SG-47CCRPI347B5
3399,SG-47CCRPI347B5
3524,SG-47D1RPI3CFD1
3829,SG-47E3RPI38FC3
3223,SG-4804RPI3D20C
3436,SG-4804RPI3D20C
514,SG-4812BB000025
549,SG-4812BB000211
1423,SG-4812BB000211
1583,SG-4812BB000211
2922,SG-4812BB000211
490,SG-4812BB000230
509,SG-4812BB000230
1421,SG-4812BB000288
1557,SG-4812BB000288
510,SG-4812BB000295
1501,SG-4812BB000299
519,SG-4812BB000333
1427,SG-4812BB000333
1755,SG-4812BB000333
546,SG-4812BB000334
1055,SG-4812BB000334
1424,SG-4812BB000334
1541,SG-4812BB000334
1757,SG-4815BBBK0041
1971,SG-4815BBBK0087
1895,SG-4815BBBK0110
1764,SG-4815BBBK0135
1762,SG-4815BBBK0140
2308,SG-4815BBBK0173
2086,SG-4815BBBK0175
1659,SG-4815BBBK1145
1619,SG-4815BBBK1892
1904,SG-4815BBBK1A47
1622,SG-4815BBBK20A6
1620,SG-4815BBBK20BC
2673,SG-4815BBBK20BC
3883,SG-4815BBBK20BC
1618,SG-4815BBBK20C8
3300,SG-483ERPI3946F
3595,SG-483ERPI3946F
3417,SG-484CRPI35902
3543,SG-484CRPI35902
3395,SG-4940RPI33FB7
3431,SG-4940RPI33FB7
2945,SG-4A04RPI3EA36
3628,SG-4A21RPI3AE32
3098,SG-4A27RPI3ABA8
3520,SG-4BFCRPI3CA84
3780,SG-4C66RPI3FA43
2989,SG-4D46RPI38385
3512,SG-4E3BRPI39E54
3877,SG-4E86RPI36D29
3672,SG-4EB3RPI39E54
2226,SG-4F30RPI36C9C
3977,SG-4FA7RPI3B265
3461,SG-4FE9RPI31015
2272,SG-5016BBBK0DC0
2279,SG-5016BBBK0F73
2280,SG-5016BBBK0F85
2329,SG-5016BBBK1123
2449,SG-5016BBBK15A4
2271,SG-5016BBBK1687
2472,SG-5016BBBK177E
2278,SG-5016BBBK17D2
2551,SG-5016BBBK17DA
2277,SG-5016BBBK17E4
2273,SG-5016BBBK18D2
2452,SG-5016BBBK18E8
2797,SG-5016BBBK1995
2730,SG-5016BBBK19BB
2552,SG-5016BBBK19C0
2471,SG-5016BBBK19D5
2451,SG-5016BBBK1B68
2270,SG-5016BBBK1B6A
2524,SG-5016BBBK1B75
2470,SG-5016BBBK1B7C
2450,SG-5016BBBK200B
2330,SG-5016BBBK23B1
2433,SG-5016BBBK23B6
3067,SG-5061RPI31E73
3458,SG-5061RPI31E73
2716,SG-50ABRPI3D2FB
2901,SG-50ABRPI3D2FB
2903,SG-50ABRPI3D2FB
2954,SG-50ABRPI3D2FB
3840,SG-50D6RPI38864
3817,SG-5100RPI36E4E
1532,SG-5113BBBK0068
383,SG-5113BBBK0173
1140,SG-5113BBBK0173
384,SG-5113BBBK0324
385,SG-5113BBBK0333
429,SG-5113BBBK0354
488,SG-5113BBBK0408
1141,SG-5113BBBK0408
386,SG-5113BBBK0425
387,SG-5113BBBK0460
691,SG-5113BBBK0489
639,SG-5113BBBK0555
693,SG-5113BBBK0574
388,SG-5113BBBK0752
438,SG-5113BBBK1653
389,SG-5113BBBK2024
526,SG-5113BBBK2103
507,SG-5113BBBK2400
390,SG-5113BBBK2495
694,SG-5113BBBK2528
391,SG-5113BBBK2661
638,SG-5113BBBK2662
392,SG-5113BBBK2665
1049,SG-5113BBBK2668
1270,SG-5113BBBK2668
1632,SG-5113BBBK2668
1158,SG-5113BBBK2670
2375,SG-5113BBBK2670
393,SG-5113BBBK2671
394,SG-5113BBBK2672
1142,SG-5113BBBK2672
395,SG-5113BBBK2674
4026,SG-5113BBBK2674
396,SG-5113BBBK2675
1168,SG-5113BBBK2676
687,SG-5113BBBK2677
397,SG-5113BBBK2678
2744,SG-5113BBBK2761
430,SG-5113BBBK2786
1041,SG-5113BBBK2791
3016,SG-5113BBBK2791
398,SG-5113BBBK2799
688,SG-5113BBBK2802
487,SG-5113BBBK2817
1143,SG-5113BBBK2817
1188,SG-5113BBBK2818
1284,SG-5113BBBK2818
437,SG-5113BBBK2819
399,SG-5113BBBK2822
1144,SG-5113BBBK2822
428,SG-5113BBBK2823
400,SG-5113BBBK2827
431,SG-5113BBBK2829
401,SG-5113BBBK2832
434,SG-5113BBBK2837
402,SG-5113BBBK2839
433,SG-5113BBBK2846
436,SG-5113BBBK2853
403,SG-5113BBBK2911
1145,SG-5113BBBK2911
404,SG-5113BBBK2917
645,SG-5113BBBK2919
1187,SG-5113BBBK2939
1437,SG-5113BBBK2939
541,SG-5113BBBK2969
435,SG-5113BBBK2972
634,SG-5113BBBK3013
405,SG-5113BBBK3017
1146,SG-5113BBBK3032
406,SG-5113BBBK3062
407,SG-5113BBBK3078
1167,SG-5113BBBK3079
1050,SG-5113BBBK3080
2076,SG-5113BBBK3080
534,SG-5113BBBK3081
640,SG-5113BBBK3082
408,SG-5113BBBK3084
409,SG-5113BBBK3088
636,SG-5113BBBK3089
2593,SG-5113BBBK3089
410,SG-5113BBBK3091
411,SG-5113BBBK3094
432,SG-5113BBBK3100
535,SG-5113BBBK3103
1051,SG-5113BBBK3103
635,SG-5113BBBK3104
689,SG-5113BBBK3105
412,SG-5113BBBK3107
695,SG-5113BBBK3108
413,SG-5113BBBK3109
414,SG-5113BBBK3113
1147,SG-5113BBBK3113
539,SG-5113BBBK3114
415,SG-5113BBBK3115
416,SG-5113BBBK3116
642,SG-5113BBBK3118
417,SG-5113BBBK3126
427,SG-5113BBBK3139
418,SG-5113BBBK3155
1148,SG-5113BBBK3155
644,SG-5113BBBK3157
419,SG-5113BBBK3162
554,SG-5113BBBK3164
637,SG-5113BBBK3168
2592,SG-5113BBBK3168
3632,SG-5113BBBK3168
420,SG-5113BBBK3169
1533,SG-5113BBBK3170
421,SG-5113BBBK3171
422,SG-5113BBBK3173
423,SG-5113BBBK3175
690,SG-5113BBBK3178
424,SG-5113BBBK3179
1149,SG-5113BBBK3179
1052,SG-5113BBBK3180
1271,SG-5113BBBK3180
425,SG-5113BBBK3182
646,SG-5113BBBK3183
426,SG-5113BBBK3193
1356,SG-5114BBBK0801
2943,SG-5120RPI325E2
3306,SG-5204RPI37429
3482,SG-5204RPI37429
3210,SG-52ABRPI3D05D
2259,SG-5304RPI3AAED
3132,SG-5305RPI3BB5A
2607,SG-5332RPI27B17
3886,SG-533DRPI3A796
3643,SG-5349RPI3285A
3683,SG-5349RPI3285A
2436,SG-5470RPI3FBDF
2756,SG-54C9RPI3E9CA
3870,SG-54C9RPI3E9CA
3380,SG-550CRPI31890
2248,SG-5541RPI3E7F8
3525,SG-5589RPI3697A
3353,SG-55D3RPI30563
3564,SG-55D3RPI30563
3049,SG-579DRPI34CB8
3050,SG-579DRPI34CB8
2953,SG-57D1RPI3127B
3312,SG-5829RPI3E908
3095,SG-5832RPI34F49
3825,SG-58DERPI3D86B
3161,SG-591DRPI34A71
2210,SG-5988RPI39876
3134,SG-59BERPI31D90
2564,SG-59F5RPI3F6F5
2398,SG-5AA7RPI2D99F
2933,SG-5AB2RPI3661C
3516,SG-5B1BRPI3466D
3594,SG-5BFCRPI333BF
2326,SG-5C00RPI33593
2543,SG-5C49RPI2053D
3173,SG-5C53RPI33F6B
2990,SG-5C7ARPI36825
3510,SG-5CD0RPI3E510
3529,SG-5CD0RPI3E510
3827,SG-5D29RPI3DF1C
2767,SG-5D5ARPI39C43
3243,SG-5D5ARPI39C43
3729,SG-5DCARPI339EE
2580,SG-5DDFRPI3131A
3010,SG-5DF5RPI32F32
2216,SG-5F2CRPI390CD
3281,SG-5F6ERPI30C91
3781,SG-5FCERPI3578A
2994,SG-604ARPI3FF5B
2405,SG-6079RPI3C077
2424,SG-60D7RPI342B1
2385,SG-612ARPI304C0
3958,SG-6159RPI3A6F5
2759,SG-6194RPI30101
3804,SG-61B0RPI36626
2784,SG-6206RPI3FB7F
3038,SG-621DRPI38D78
2757,SG-6220RPI3964A
3830,SG-6263RPI36177
3641,SG-627ERPI3F01D
3695,SG-627ERPI3F01D
2810,SG-62E1RPI31AB3
3814,SG-62F5RPI3F598
3084,SG-63EFRPI318BE
3450,SG-63EFRPI318BE
3066,SG-63EFRPI31BE
3756,SG-645ERPI3BA68
2622,SG-646FRPI346DE
2478,SG-64B3RPI36BF6
2263,SG-6581RPI35065
3528,SG-65A2RPI376F0
2423,SG-65CBRPI323C5
3674,SG-6606RPI38CF0
2501,SG-668CRPI3FB3B
3884,SG-66D6RPI3F32F
2787,SG-67CARPI37819
3874,SG-67CERPI361F9
3252,SG-68ECRPI39864
3961,SG-6938RPI31CE2
2322,SG-6997RPI221F9
2972,SG-69E8RPI30B74
2971,SG-6A5BRPI37CB4
3392,SG-6A5BRPI37CB4
3073,SG-6AE8RPI38AE5
3489,SG-6AE8RPI38AE5
3550,SG-6B45RPI3A342
3568,SG-6B45RPI3A342
2991,SG-6B94RPI30A5E
2717,SG-6BEBRPI37660
3080,SG-6BEBRPI37660
3009,SG-6BF0RPI32CC3
2304,SG-6BF1RPI395EA
3352,SG-6BF1RPI395EA
3712,SG-6C20RPI3167E
3713,SG-6C20RPI3167E
3656,SG-6C40RPI360A5
3681,SG-6C40RPI360A5
3669,SG-6C90RPI3E84E
3782,SG-6D63RPI3835E
3507,SG-6D7CRPI34135
3530,SG-6D7CRPI34135
3704,SG-6D9DRPI38AFF
3813,SG-6D9DRPI38AFF
3764,SG-6DD4RPI3CC17
3788,SG-6DEFRPI3EA3A
3145,SG-6E1DRPI38E44
2690,SG-6E25RPI3C9C8
3522,SG-6EC0RPI3D10F
2629,SG-6EF7RPI3218E
3413,SG-6EF7RPI3218E
3873,SG-6F19RPI385F8
2949,SG-6F2DRPI37C38
2613,SG-6F3BRPI3EA63
2860,SG-6F9ERPI38789
2578,SG-7023RPI37F96
2861,SG-704CRPI3D3EE
2681,SG-707FRPI3AF84
3660,SG-70DBRPI3BB60
3698,SG-70DBRPI3BB60
1978,SG-7100BBBK0036
2390,SG-7100BBBK0176
2078,SG-7100BBBK0179
1982,SG-7100BBBK0271
1969,SG-7100BBBK1493
2035,SG-7100BBK1493
3808,SG-7102RPI39090
2492,SG-7236RPI323FA
3770,SG-7285RPI3F9A6
3771,SG-7285RPI3F9A6
2500,SG-72DFRPI3B728
2898,SG-732ARPI38C19
2958,SG-7341RPI3A964
3566,SG-73E7RPI3AB3A
3035,SG-749ARPI33E7C
2766,SG-74E2RPI39869
3865,SG-74E2RPI39869
2228,SG-7511RPI30BC5
2464,SG-758ARPI3B8A3
3978,SG-7614RPI3ED8C
2409,SG-762ARPI3222A
2779,SG-764FRPI20AF2
3837,SG-76A4RPI35380
2751,SG-76B1RPI34430
2631,SG-775BRPI335BE
2215,SG-7828RPI3BC7B
3769,SG-785ERPI360AE
2970,SG-786ARPI3F505
2221,SG-7A27RPI34AE0
2831,SG-7A74RPI30932
2785,SG-7AF2RPI39B73
2959,SG-7B1DRPI3A58C
3249,SG-7B99RPI30F32
3051,SG-7BA5RPI3B549
2936,SG-7BCERPI38689
3959,SG-7BCERPI38689
3737,SG-7C5CRPI38C3C
3542,SG-7C5RPI38C3C
3514,SG-7D05RPI3BFAE
3658,SG-7E09RPI3CD3D
3689,SG-7E09RPI3CD3D
3273,SG-7E34RPI3A1A2
3578,SG-7E34RPI3A1A2
3819,SG-7E62RPI3AA0A
2442,SG-7E78RPI38C79
3220,SG-7F33RPI3D1E6
2720,SG-7F39RPI3E0D9
2946,SG-7F39RPI3E0D9
2684,SG-8041RPI32EA7
3845,SG-805ERPI33B14
3177,SG-806ERPI34EBF
2676,SG-80A1RPI3E5A5
2770,SG-812DRPI3E034
3432,SG-8131RPI383ED
3856,SG-8137RPI37268
2325,SG-8144RPI3CE35
3518,SG-82A2RPI35281
3387,SG-82CBRPI3FFA5
3598,SG-82CBRPI3FFA5
2965,SG-8333RPI3CE4D
4004,SG-838CRPI36C13
3761,SG-838DRPI36C13
3088,SG-844ARPI35705
3879,SG-84AERPI36BD3
3552,SG-8518RPI36527
3553,SG-8518RPI36527
2865,SG-8527RPI3BFAA
2736,SG-8550RPI3768F
3158,SG-864FRPI3FD6B
2950,SG-8697RPI31A37
2938,SG-86C8RPI3C999
2606,SG-86F3RPI23EF6
2924,SG-872DRPI3F431
2923,SG-8752RPI36D3A
3321,SG-8757RPI3F21B
3659,SG-87C9RPI30EEA
3675,SG-87C9RPI30EEA
2475,SG-8832RPI3917B
3240,SG-8832RPI3917B
2876,SG-88E8RPI3C8E4
3848,SG-8980RPI3109A
3178,SG-89ACRPI35E41
2301,SG-8A3BRPI3B69F
3253,SG-8A4ARPI3B07C
3734,SG-8AC8RPI30C65
2752,SG-8B65RPI33897
3864,SG-8B65RPI33897
3103,SG-8B7ARPI367C7
3640,SG-8C0ERPI3E3FA
3691,SG-8C0ERPI3E3FA
3444,SG-8C48RPI39C51
3484,SG-8C48RPI39C51
3767,SG-8C49RPI38F48
3099,SG-8CF7RPI3DFD6
2758,SG-8D35RPI3F856
2323,SG-8D46RPI32E1B
3851,SG-8E2ARPI3BBA3
2632,SG-8E50RPI3FCD1
3414,SG-8E50RPI3FCD1
2630,SG-8FA5RPI3BB47
3766,SG-9006RPI3CE4D
3768,SG-9006RPI3CE4D
3875,SG-905CRPI3DEA0
3409,SG-9085RPI3AFC4
3433,SG-9085RPI3AFC4
2964,SG-9094RPI388B6
2695,SG-9198RPI35751
2441,SG-91E6RPI317D2
2502,SG-91EBRPI3E583
3868,SG-91EBRPI3E583
3853,SG-91FARPI347CF
3881,SG-932ERPI37889
3648,SG-935CRPI31629
2637,SG-9376RPI3B8A0
3446,SG-9376RPI3B8A0
3609,SG-9427RPI3DD92
3732,SG-9427RPI3DD92
2951,SG-94FARPI388EB
3239,SG-9571RPI35CBA
3828,SG-958BRPI3F5BB
3430,SG-964CRPI3CF17
2687,SG-96D1RPI36405
3655,SG-979BRPI315FE
3678,SG-979BRPI315FE
2480,SG-97E8RPI3352B
3818,SG-9861RPI398A0
2400,SG-9876RPI34A31
3047,SG-98D4RPI3B8B8
3859,SG-9941RPI30396
2963,SG-997ERPI33370
3091,SG-99B8RPI3EF52
2984,SG-99E7RPI38C38
3505,SG-9AC3RPI3CDAD
3670,SG-9AC3RPI3CDAD
2562,SG-9AF3RPI33983
2397,SG-9AFARPI2F695
3962,SG-9B25RPI3FE8C
2213,SG-9C23RPI3545E
3262,SG-9CB0RPI3E8E1
3483,SG-9CB2RPI3F24F
3843,SG-9CC7RPI31CF3
2762,SG-9D27RPI3F784
3245,SG-9D27RPI3F784
2947,SG-9D77RPI35BB8
3298,SG-9DECRPI380A7
3589,SG-9DECRPI380A7
2962,SG-9E19RPI301BD
3137,SG-9E22RPI3E03C
3407,SG-9E76RPI37554
3890,SG-9E7CRPI3D27D
3393,SG-9E7GRPI37554
2627,SG-9F89RPI31708
2764,SG-9F9ERPI38789
3745,SG-9FD4RPI3B593
3774,SG-9FFBRPI3B90E
3849,SG-A070RPI3A6EF
3860,SG-A0C1RPI329DF
3970,SG-A0CFRPI3F8E7
2634,SG-A1ECRPI3D576
3742,SG-A280RPI36862
3389,SG-A311RPI3106D
3403,SG-A311RPI3106D
3324,SG-A547RPI399AB
3447,SG-A54ARPI39415
2868,SG-A5F3RPI3928B
3513,SG-A600RPI3403C
3101,SG-A640RPI30A7E
2795,SG-A655RPI363B3
3597,SG-A65ARPI32EB7
3699,SG-A65ARPI32EB7
2459,SG-A6B4RPI369A2
3481,SG-A6B4RPI369A2
3726,SG-A6B8RPI388E1
3773,SG-A6B8RPI388E1
2992,SG-A7BARPI3D621
3205,SG-A81ARPI33773
3478,SG-A907RPI3790D
3303,SG-A930RPI39E64
3743,SG-A96FRPI3DE76
3760,SG-A98FRPI321DA
3048,SG-AA21RPI351AD
3185,SG-AAAARPI31234
2411,SG-AAB3RPI31F02
3216,SG-AAFFRPI33E39
3763,SG-AC08RPI33D9B
3486,SG-AC0FRPI3E99F
2289,SG-AC15RPI3C3A2
2293,SG-AC15RPI3C3A2
2626,SG-ACD6RPI3F452
3511,SG-AD34RPI34530
2697,SG-AD61RPI372A6
3176,SG-AD8FRPI32192
3376,SG-AD8FRPI32192
3054,SG-AE14RPI346CE
3055,SG-AE14RPI346CE
2466,SG-AE8DRPI3AFB0
3838,SG-AEB7RPI35E9F
2665,SG-AED4RPI38099
3966,SG-AF16RPI33803
2343,SG-AF50RPI35384
3485,SG-AFB5RPI33884
2693,SG-B100RPI3F05C
3396,SG-B17ERPI36118
3397,SG-B17ERPI36118
2489,SG-B1F7RPI30AAE
3211,SG-B220RPI35B55
3467,SG-B236RPI3D100
3175,SG-B2A0RPI391E2
2753,SG-B2ADRPI312D5
3639,SG-B338RPI3178C
3657,SG-B345RPI3DB54
3690,SG-B345RPI3DB54
3569,SG-B36ARPI3D2C1
3633,SG-B37ERPI33491
3634,SG-B37ERPI33491
2302,SG-B38BRPI30E03
3289,SG-B38BRPI30E03
2799,SG-B4B4RPI36D28
2383,SG-B541RPI27574
3536,SG-B576RPI37D70
3526,SG-B6E2RPI360EB
3445,SG-B6FDRPI3671D
3607,SG-B6FDRPI3671D
2214,SG-B74CRPI318F3
3585,SG-B7C2RPI3A53F
3612,SG-B7C2RPI3A53F
3139,SG-B843RPI32939
3644,SG-B8E7RPI3F831
3697,SG-B8E7RPI3F831
3502,SG-B962RPI3F06C
3538,SG-B962RPI3F06C
3969,SG-B99BRPI3EF02
3802,SG-BA68RPI39F56
2443,SG-BAEFRPI32D77
2399,SG-BB71RPI31CE1
3812,SG-BC18RPI33830
2913,SG-BC3FRPI35A70
3809,SG-BC3FRPI35A70
2892,SG-BCFARPI3CA0F
3710,SG-BD3BRPI3170E
3728,SG-BD3BRPI3170E
2408,SG-BE2ARPI37281
2866,SG-BE2BRPI313CB
3005,SG-BE41RPI30EA8
3855,SG-BEB3RPI3253D
3335,SG-BEDARPI3A78F
3434,SG-BEDARPI3A78F
3501,SG-BF37RPI39640
3671,SG-BF37RPI39640
2641,SG-BFBFRPI35A34
3190,SG-BFEBRPI34958
3759,SG-BFECRPI388C9
2689,SG-C004RPI35CAA
3424,SG-C05DRPI3B489
3565,SG-C08ERPI38376
3577,SG-C08ERPI38376
2465,SG-C09DRPI34B78
3850,SG-C100RPI3AD97
3765,SG-C121RPI34768
3772,SG-C121RPI34768
3042,SG-C17ERPI37491
3571,SG-C247RPI35A4D
3586,SG-C247RPI35A4D
2698,SG-C24BRPI336B7
3797,SG-C2CARPI351D9
3232,SG-C2D4RPI3E059
3408,SG-C2D4RPI3E059
3053,SG-C2FFRPI3052F
3783,SG-C384RPI3A139
3614,SG-C38DRPI33A28
3147,SG-C3B6RPI3DF4B
3630,SG-C3BDRPI33A28
3700,SG-C3BDRPI33A28
3191,SG-C440RPI3A81A
2486,SG-C448RPI34B91
3800,SG-C496RPI35371
2834,SG-C505RPI3B5CD
3140,SG-C5B9RPI3760E
3440,SG-C5B9RPI3760E
2410,SG-C5D8RPI39853
3521,SG-C621RPI3E17F
3041,SG-C65ERPI397BC
3405,SG-C67BRPI35661
3561,SG-C67BRPI35661
3113,SG-C6B8RPI367F8
3711,SG-C6B8RPI367F8
3187,SG-C757RPI3DF09
3094,SG-C765RPI30A8C
2633,SG-C7C6RPI3CB5E
2608,SG-C858RPI2F049
3295,SG-C8F2RPI39915
3591,SG-C8F2RPI39915
3418,SG-C927RPI32264
3580,SG-C927RPI32264
2219,SG-C97DRPI3B84D
3653,SG-C9CBRPI3A77F
3685,SG-C9CBRPI3A77F
3823,SG-C9E1RPI3D358
2218,SG-CA18RPI3032D
2694,SG-CA4CRPI353E7
3465,SG-CA83RPI36DAB
3637,SG-CAC8RPI3E5C9
3304,SG-CB57RPI36E6D
3532,SG-CB57RPI36E6D
2455,SG-CBB3RPI33B27
3390,SG-CBB8RPI318FE
3404,SG-CBB8RPI318FE
3168,SG-CC66RPI3E120
2148,SG-CCD3RPI30FD2
2624,SG-CCD5RPI3EBAE
2956,SG-CD31RPI354FD
2499,SG-CDB5RPI3C14C
2692,SG-CDBARPI32C04
2212,SG-CDC6RPI35494
2615,SG-CDDCRPI38A80
2342,SG-CE03RPI23C18
2886,SG-CE18RPI39271
3138,SG-CE1ERPI336B6
3341,SG-CEB1RPI3C0D0
2982,SG-CFAFRPI34BE5
2835,SG-CFD2RPI3F146
3412,SG-D061RPI35538
3477,SG-D061RPI35538
3753,SG-D06DRPI33E89
3754,SG-D06DRPI33E89
3795,SG-D0EERPI3DB86
3787,SG-D134RPI37BD6
3156,SG-D224RPI35050
2754,SG-D276RPI3D040
3866,SG-D276RPI3D040
3777,SG-D2D4RPI32C60
3778,SG-D2D4RPI32C60
3244,SG-D32CRPI38FD4
3260,SG-D32CRPI38FD4
3052,SG-D35FRPI3A080
3029,SG-D414RPI33D62
3206,SG-D453RPI3AF9A
3209,SG-D4F9RPI39CEA
2733,SG-D51FRPI3C84B
3784,SG-D5A2RPI3F1D9
2338,SG-D7D1RPI33164
3488,SG-D85CRPI32DD3
3638,SG-D880RPI3D122
4008,SG-D89ARPI3F0A4
3293,SG-D8D5RPI3CF17
3584,SG-D8D5RPI3CF17
2340,SG-D939RPI31F4E
3964,SG-D955RPI3D600
3663,SG-D969RPI3C819
3687,SG-D969RPI3C819
3092,SG-D9BARPI3E6F5
3081,SG-D9F5RPI3955E
3130,SG-DA8ARPI33476
3871,SG-DBC4RPI312EF
2686,SG-DC2BRPI3E5CE
3258,SG-DC75RPI3096F
3212,SG-DCA3RPI337BF
3647,SG-DCB9RPI3F3FC
3694,SG-DCB9RPI3F3FC
3661,SG-DD3ARPI3B9E8
3686,SG-DD3ARPI3B9E8
3311,SG-DD7DRPI3F777
2912,SG-DEC0RPI3C8F7
3299,SG-DF91RPI37308
3592,SG-DF91RPI37308
3785,SG-E055RPI3B3BA
3872,SG-E07FRPI33B9F
3069,SG-E093RPI3522B
3703,SG-E093RPI3522B
2300,SG-E0C5RPI36E36
3878,SG-E124RPI3EB54
2346,SG-E195RPI30020
3956,SG-E19FRPI373F4
3839,SG-E244RPI3C099
2297,SG-E290RPI34AAE
3826,SG-E2A5RPI31FCB
3487,SG-E323RPI31838
3207,SG-E343RPI30AF6
3068,SG-E369RPI36073
3007,SG-E36DRPI33A30
2649,SG-E37ARPI39041
3786,SG-E4BBRPI35CD0
2993,SG-E514RPI3721E
2746,SG-E522RPI3C0D7
3214,SG-E55BRPI3D04C
3421,SG-E55BRPI3D04C
2961,SG-E55BRPI3E49B
2718,SG-E561RPI3DE10
3336,SG-E561RPI3DE10
3146,SG-E5B7RPI30AB4
2793,SG-E6B3RPI3E08E
2324,SG-E710RPI3F9BF
3857,SG-E792RPI3DDF8
3882,SG-E818RPI3A6F6
3718,SG-E83ERPI33767
3719,SG-E83ERPI33767
3305,SG-E8F8RPI33ACB
3438,SG-E8F8RPI33ACB
3832,SG-E94BRPI3C4C5
3779,SG-E986RPI36B86
2642,SG-E9FBRPI3BA36
3791,SG-EA17RPI36B88
3151,SG-EA2ERPI3F493
3309,SG-EA2ERPI3F49E
2635,SG-EA65RPI3C54E
3415,SG-EA65RPI3C54E
2935,SG-EAF2RPI33487
3442,SG-EB41RPI3A533
3443,SG-EB41RPI3A533
2864,SG-EB8CRPI3CDE5
2675,SG-EB8CRPI3E5A5
2937,SG-EBE8RPI39208
3326,SG-EBE8RPI39208
3876,SG-EC21RPI3BD57
3885,SG-EC46RPI3EA8A
3963,SG-EC90RPI3CF42
3649,SG-EDD3RPI34A0E
3676,SG-EDD3RPI34A0E
2640,SG-EDDARPI38599
3079,SG-EDDARPI38599
2628,SG-EE70RPI30F38
3141,SG-EEC0RPI38FE7
3441,SG-EEC0RPI38FE7
3645,SG-EEF9RPI35D68
3677,SG-EEF9RPI35D68
3297,SG-EF14RPI3DFF6
3590,SG-EF14RPI3DFF6
2305,SG-EF69RPI398E2
3664,SG-EF79RPI344DE
3680,SG-EF79RPI344DE
3400,SG-F019RPI3DA10
3317,SG-F042RPI3F23D
2177,SG-F072RPI36609
3504,SG-F078RPI3FBF3
3539,SG-F078RPI3FBF3
3747,SG-F140RPI36643
3296,SG-F14ARPI31E82
3608,SG-F14ARPI31E82
3652,SG-F1CDRPI3F539
3668,SG-F1CDRPI3F539
3508,SG-F1FFRPI3CCD3
3537,SG-F1FFRPI3CCD3
3401,SG-F262RPI358F3
3425,SG-F262RPI358F3
3093,SG-F27BRPI3A78A
2133,SG-F28CRPI33503
2768,SG-F324RPI3AA5B
3816,SG-F34ARPI30AD8
2135,SG-F37DRPI38476
2975,SG-F3DDRPI2AA6F
3662,SG-F400RPI31213
3684,SG-F400RPI31213
3451,SG-F43CRPI363B4
3470,SG-F43CRPI363B4
3142,SG-F4B4RPI34EC5
3650,SG-F55BRPI337F2
3679,SG-F55BRPI337F2
3801,SG-F59ARPI36954
3292,SG-F5A9RPI308C6
3582,SG-F5A9RPI308C6
3503,SG-F5F0RPI37295
3540,SG-F5F0RPI37295
2460,SG-F62FRPI3602F
2616,SG-F63DRPI39521
2332,SG-F642RPI3D852
2380,SG-F68ERPI3C79B
3040,SG-F6F9RPI3E203
2313,SG-F783RPI36B63
3861,SG-F790RPI3E8DD
4003,SG-F7A4RPI32782
3089,SG-F920RPI3DD9F
3466,SG-F930RPI3D4A0
3551,SG-F930RPI3D4A0
2803,SG-F964RPI3EF7C
3246,SG-F9A3RPI3504F
2929,SG-FA87RPI3C5D6
4024,SG-FAKEBBBKFAKD
4021,SG-FAKEBBBKFAKE
4022,SG-FAKEBBBKFAKF
4023,SG-FAKEBBBKFAKG
2481,SG-FB19RPI37267
3842,SG-FB1FRPI31397
3618,SG-FC0FRPI35610
3724,SG-FC39RPI398F9
3738,SG-FC39RPI398F9
2639,SG-FC74RPI3EE3D
3330,SG-FCFFRPI3CA7F
3439,SG-FCFFRPI3CA7F
3815,SG-FD45RPI37237
2227,SG-FD5BRPI3E2E9
3716,SG-FD9FRPI35E4E
3741,SG-FDE5RPI3BC57
3562,SG-FDE6RPI333BF
3646,SG-FDE9RPI3934E
3682,SG-FDE9RPI3934E
3803,SG-FE87RPI374D0
3654,SG-FE94RPI3ED67
3692,SG-FE94RPI3ED67
3455,SG-FEBBRPI3AFBA
3471,SG-FEBBRPI3AFBA
2407,SG-FEE9RPI3FCC3
2461,SG-FF98RPI31FF8
2747,SG-FFCDRPI3FCDE
3350,SG-FFDERPI34246
3406,SG-FFDERPI34246
3217,SG-FFFFRPI3266E
3364,SG-NOR_RPI3B_01
3365,SG-NOR_RPI3B_02
3366,SG-NOR_RPI3B_03
3367,SG-NOR_RPI3B_04
3368,SG-NOR_RPI3B_05
3369,SG-NOR_RPI3B_06
3370,SG-NOR_RPI3B_07
3371,SG-NOR_RPI3B_08
3372,SG-NOR_RPI3B_09
3373,SG-NOR_RPI3B_10
3374,SG-NOR_RPI3B_11
3375,SG-NOR_RPI3B_12
476,TEMP16
2426,TEST2